,_id,Unnamed: 0,months_as_customer,policy_deductable,umbrella_limit,capital-gains,capital-loss,incident_hour_of_the_day,number_of_vehicles_involved,bodily_injuries,witnesses,total_claim_amount,injury_claim,property_claim,vehicle_claim,policy_csl,insured_sex,insured_education_level,insured_occupation,insured_relationship,incident_type,collision_type,incident_severity,authorities_contacted,property_damage,police_report_available,fraud_reported
0,7,2,165,1000,0,0,0,23,3,2,2,51590,9380,9380,32830,0,1,0,12,4,0,0,2,4,0,1,0
1,66,9,107,500,7000000,43400,-91200,12,1,0,1,89700,13800,13800,62100,1,0,2,12,1,2,2,1,1,1,0,1
2,125,16,206,1000,6000000,47200,-69700,12,3,2,3,36300,3300,9900,23100,1,1,3,2,4,0,1,2,0,0,1,0
3,133,17,24,1000,0,0,-45200,0,1,2,1,46800,4680,9360,32760,2,0,2,6,5,2,2,2,4,0,0,0
4,141,19,287,2000,0,0,-49000,9,1,2,3,5170,470,940,3760,2,1,5,13,5,3,1,3,2,0,0,0
5,225,33,245,2000,0,24400,-60500,4,1,0,1,73500,7350,14700,51450,2,1,5,3,4,2,0,2,0,1,1,0
6,77,35,319,500,0,0,0,22,3,0,2,59730,10860,10860,38010,1,1,1,13,1,0,0,2,4,0,0,0
7,88,37,31,2000,9000000,0,-78600,9,1,0,1,4700,940,470,3290,2,0,1,9,1,1,1,3,2,0,1,0
8,176,53,155,500,0,0,0,1,1,1,1,77040,8560,8560,59920,0,1,5,10,2,2,0,1,0,0,1,0
9,205,58,223,500,0,66400,-34400,14,1,2,1,54400,5440,5440,43520,2,0,5,12,1,2,1,1,4,0,0,0
10,111,75,453,500,6000000,52600,-38800,0,1,0,0,70000,14000,7000,49000,0,1,6,2,4,2,0,0,1,1,0,1
11,174,80,294,1000,0,53900,0,3,1,0,1,6100,610,1220,4270,0,0,6,4,4,3,1,3,2,0,0,0
12,208,84,343,500,3000000,0,0,13,4,2,3,65070,7230,14460,43380,1,1,3,0,0,0,2,2,4,0,0,0
13,13,93,121,1000,0,52800,-32800,5,1,1,1,7280,1120,1120,5040,0,0,4,1,5,1,1,1,2,0,0,0
14,25,94,8,2000,0,0,0,16,3,1,3,71500,16500,11000,44000,0,1,5,11,3,0,1,0,3,0,1,1
15,34,96,149,500,0,0,0,17,1,0,1,64800,10800,5400,48600,2,1,6,9,3,2,2,2,1,1,1,0
16,84,104,284,2000,0,0,-44200,16,2,2,3,60940,5540,11080,44320,2,1,5,9,1,0,2,0,0,0,0,1
17,163,112,112,1000,0,47700,-59300,3,1,2,0,107900,10790,21580,75530,2,0,5,9,1,2,0,0,1,1,0,1
18,171,113,119,2000,0,88800,0,1,1,0,1,53600,6700,6700,40200,1,1,2,6,0,2,1,2,0,0,1,1
19,211,117,210,2000,0,59900,0,9,1,1,2,7080,1180,590,5310,2,1,2,8,1,3,1,3,2,0,0,0
20,14,121,180,2000,0,41300,-55500,12,1,0,2,46200,4200,8400,33600,1,0,1,6,1,2,1,2,4,0,1,1
21,19,124,196,2000,0,57000,-27300,8,3,2,0,60400,6040,6040,48320,2,0,2,5,3,0,2,0,4,0,0,0
22,160,147,216,1000,0,39600,-82400,0,1,2,3,6160,560,1680,3920,2,0,0,8,4,1,1,1,4,1,0,0
23,206,157,128,2000,0,0,-39300,0,1,1,0,59800,5980,5980,47840,0,0,1,11,2,2,1,2,1,0,0,1
24,80,174,137,2000,0,52700,-40600,6,3,1,2,50800,10160,10160,30480,1,1,2,3,0,0,2,1,0,0,0,0
25,175,181,324,2000,6000000,0,-41300,13,1,1,0,79600,15920,15920,47760,0,1,4,12,5,2,1,1,3,0,1,0
26,209,183,404,500,0,25500,-36700,8,1,0,1,8800,1760,880,6160,1,1,0,11,1,1,1,3,4,0,0,0
27,44,193,269,2000,0,36400,-28700,14,1,0,2,56400,11280,11280,33840,0,1,3,8,4,2,0,1,3,1,0,0
28,147,205,209,500,0,58100,0,21,1,1,1,47300,4730,4730,37840,0,0,4,7,2,2,0,1,1,0,0,0
29,150,206,134,1000,0,0,0,17,1,1,0,82720,7520,15040,60160,0,0,6,4,5,2,2,2,3,0,0,0
30,168,209,276,500,0,0,-50000,7,1,0,1,5940,660,660,4620,1,0,5,6,0,1,1,3,4,0,0,0
31,221,219,298,500,0,47800,0,17,1,2,2,28100,2810,5620,19670,1,0,1,7,3,2,0,1,0,0,0,0
32,45,227,265,1000,0,0,0,17,3,2,3,55120,6890,0,48230,1,0,4,10,0,0,1,2,3,0,0,0
33,68,230,128,1000,0,43300,-66200,8,1,0,3,68530,12460,6230,49840,0,1,4,6,3,2,0,0,0,0,0,0
34,112,234,210,500,0,0,-41000,12,3,2,0,81070,14740,14740,51590,2,1,2,3,2,0,1,2,3,0,0,0
35,132,237,112,500,0,60000,-54800,21,3,0,1,51000,8500,8500,34000,0,0,5,12,4,0,0,0,0,0,0,0
36,245,249,371,1000,0,60300,-24700,7,1,0,3,75400,7540,15080,52780,2,0,0,12,2,2,1,0,1,1,1,1
37,258,254,244,500,0,0,0,2,1,1,3,5940,660,660,4620,0,0,4,11,0,3,1,3,4,1,1,0
38,371,270,273,1000,0,0,0,16,2,1,2,44110,4010,8020,32080,2,0,6,4,3,0,2,2,4,0,1,0
39,399,273,103,1000,6000000,0,0,21,1,1,0,76920,12820,6410,57690,0,1,4,1,3,2,1,1,0,0,1,0
40,260,286,122,1000,0,0,-47100,17,1,0,1,3850,350,350,3150,1,0,5,8,2,1,1,3,2,0,0,0
41,305,293,175,500,0,82400,-57100,14,1,2,1,36720,4080,4080,28560,0,0,3,5,5,2,0,0,3,0,1,1
42,325,297,399,2000,0,0,-65400,23,3,1,1,88400,17680,8840,61880,2,1,3,12,1,0,2,2,4,1,1,0
43,429,305,467,2000,0,82200,0,2,1,2,3,55700,5570,11140,38990,2,1,5,13,3,2,0,2,1,1,0,0
44,320,319,233,2000,0,61600,-30200,17,1,0,2,80520,13420,6710,60390,0,0,2,11,5,2,0,2,1,1,1,0
45,344,322,216,1000,5000000,0,0,16,1,2,3,66600,16650,11100,38850,0,0,0,12,4,2,1,2,4,0,0,1
46,480,348,264,500,6000000,0,0,20,3,0,2,69850,12700,6350,50800,0,1,1,3,5,0,1,0,1,0,0,0
47,497,350,0,1000,0,61400,-41100,6,4,1,1,39720,6620,6620,26480,2,1,1,12,5,0,1,1,0,0,0,0
48,281,351,186,1000,0,37600,-37600,3,1,2,1,4730,860,860,3010,0,0,0,2,5,3,1,3,4,0,0,1
49,256,377,208,500,0,0,0,16,3,1,0,50500,10100,5050,35350,1,1,0,2,2,0,2,2,3,1,1,0
50,273,379,107,500,0,62800,0,14,3,1,0,59700,11940,11940,35820,0,0,3,1,5,0,1,1,0,0,0,0
51,316,383,274,1000,0,0,0,22,3,1,3,90600,15100,15100,60400,2,1,2,3,1,0,2,2,3,0,0,0
52,333,385,101,1000,0,0,0,4,1,2,2,3190,580,580,2030,2,0,4,9,0,1,1,3,2,0,0,0
53,412,389,247,2000,0,64000,0,22,3,2,2,69480,11580,11580,46320,1,0,1,4,1,0,0,1,1,0,0,0
54,420,392,208,1000,0,0,0,18,1,2,2,69300,6930,13860,48510,0,0,1,12,0,2,1,0,0,0,0,0
55,432,394,310,1000,0,0,0,21,1,1,0,55170,6130,6130,42910,0,0,5,8,2,2,0,0,4,1,0,1
56,472,400,360,1000,0,0,-62400,15,3,2,0,90480,15080,15080,60320,1,1,6,1,1,0,2,2,0,0,1,0
57,255,404,461,500,7000000,0,0,7,3,0,1,59040,9840,9840,39360,0,0,2,4,3,0,2,0,0,0,0,0
58,294,413,156,500,0,0,-51800,16,4,1,2,53400,5340,5340,42720,1,1,2,3,4,0,1,1,4,0,1,1
59,310,415,253,2000,0,81300,0,10,3,2,2,80740,7340,14680,58720,0,0,6,11,2,0,1,0,3,0,1,1
60,339,417,212,2000,0,35400,-49200,0,3,1,3,50380,4580,4580,41220,2,1,4,8,4,0,0,2,1,0,0,0
61,376,422,72,500,0,0,-85900,9,1,1,0,66200,6620,6620,52960,2,0,0,2,3,2,1,0,0,0,0,0
62,438,432,211,1000,0,0,0,3,1,1,1,3190,580,290,2320,2,0,6,7,3,3,1,3,4,0,0,0
63,97,12,29,2000,0,0,-71700,4,4,1,2,64890,7210,7210,50470,1,1,5,4,3,0,1,1,3,1,1,1
64,180,22,53,2000,0,72200,0,17,3,2,0,51100,10220,5110,35770,2,1,0,5,1,0,2,0,1,0,1,0
65,186,23,177,2000,0,0,-57700,22,3,1,1,18000,2250,2250,13500,0,0,3,12,4,0,0,2,0,0,0,0
66,8,25,27,500,0,0,0,21,1,1,1,27700,2770,2770,22160,0,0,6,7,3,2,0,2,4,0,1,0
67,52,29,217,1000,0,0,0,8,1,2,1,4300,430,430,3440,0,1,1,1,1,3,1,1,2,0,1,0
68,232,38,235,500,0,39900,-60200,7,4,2,1,69100,6910,6910,55280,1,0,5,6,0,0,2,2,3,0,1,0
69,238,39,272,2000,0,33300,-10600,19,1,1,1,71060,6460,12920,51680,2,0,0,4,3,2,2,0,3,0,0,0
70,98,43,295,1000,0,0,0,6,1,1,2,5400,900,900,3600,1,0,1,6,5,1,1,3,2,0,1,0
71,177,54,261,1000,0,0,-45100,16,1,0,1,62590,11380,11380,39830,1,0,6,9,2,2,1,1,1,1,0,0
72,185,57,125,500,7000000,0,-51300,17,1,2,3,88660,8060,16120,64480,2,1,3,12,0,2,0,2,1,1,0,1
73,94,72,271,500,0,0,0,21,3,1,0,93720,17040,8520,68160,0,0,2,6,1,0,1,2,0,0,0,0
74,122,76,203,500,0,0,0,7,1,0,1,55440,0,6160,49280,1,0,5,7,1,2,0,0,0,0,1,1
75,199,82,285,2000,0,47600,0,7,1,1,1,2520,280,280,1960,0,0,1,11,2,3,1,1,4,0,0,0
76,212,85,335,1000,6000000,62200,-31400,12,3,2,3,34320,8580,4290,21450,0,1,2,11,2,0,2,1,0,1,1,0
77,104,107,350,500,0,50500,0,15,3,0,0,93480,15580,7790,70110,2,1,1,7,5,0,2,2,4,0,0,0
78,195,115,285,1000,0,0,0,17,2,2,3,55680,6960,6960,41760,2,1,2,5,0,0,2,2,1,1,0,0
79,166,149,14,2000,0,0,-26900,18,1,2,1,71280,12960,12960,45360,1,0,0,2,4,2,1,0,1,0,1,1
80,202,155,219,2000,7000000,0,0,6,1,0,2,5920,740,740,4440,1,0,2,10,4,1,1,3,4,0,0,0
81,17,166,140,500,6000000,53500,0,9,1,0,2,77880,14160,7080,56640,2,1,2,6,4,2,2,2,4,0,1,0
82,82,197,78,1000,6000000,0,0,3,1,2,2,7500,750,1500,5250,1,1,5,7,2,3,1,1,4,1,0,0
83,182,211,111,500,4000000,51100,0,12,1,2,3,90970,16540,16540,57890,1,0,5,12,0,2,2,2,4,1,0,0
84,189,213,128,1000,0,62700,0,11,1,0,2,101860,18520,18520,64820,2,0,2,0,2,2,1,2,0,0,1,0
85,56,229,439,500,0,36100,-55000,12,3,2,3,56430,0,6270,50160,1,0,6,9,4,0,0,0,1,0,0,0
86,220,247,246,2000,0,0,-58600,18,1,1,2,61380,11160,5580,44640,1,1,1,4,2,2,0,0,3,1,1,1
87,250,250,117,500,0,47500,-32500,13,2,0,1,55440,5040,10080,40320,1,0,0,13,4,0,1,2,1,1,0,1
88,298,261,194,500,0,0,0,7,1,1,0,5940,1080,540,4320,2,0,4,0,1,1,1,1,2,1,0,0
89,323,264,350,500,0,0,0,14,3,0,2,44190,9820,4910,29460,2,0,5,8,2,0,1,2,4,0,0,0
90,335,265,121,1000,6000000,0,0,16,1,0,1,65250,7250,7250,50750,2,0,3,1,4,2,1,1,4,0,1,0
91,482,282,116,500,0,0,-35500,8,3,0,3,59670,6630,6630,46410,2,1,3,5,1,0,0,0,3,0,0,1
92,292,291,39,2000,0,0,-15700,14,3,1,0,52700,10540,10540,31620,1,0,2,5,0,0,1,0,1,0,0,1
93,352,323,65,500,3000000,0,-41500,0,1,1,3,52200,5220,10440,36540,0,0,2,2,4,2,1,1,1,0,0,0
94,423,337,297,1000,0,0,-54700,12,1,0,0,60600,6060,12120,42420,0,0,4,7,5,2,2,1,1,0,0,0
95,426,338,210,1000,0,44900,-91400,11,1,0,2,58200,5820,5820,46560,2,1,5,4,1,2,0,2,0,0,0,0
96,322,354,266,500,0,0,0,4,1,1,2,32800,3280,3280,26240,1,1,2,5,0,2,0,2,4,0,1,0
97,357,357,110,1000,0,30400,0,20,3,0,2,65040,10840,10840,43360,1,1,1,7,2,0,2,1,4,1,0,0
98,433,368,143,500,0,67900,0,10,1,2,3,58500,11700,5850,40950,0,1,1,8,5,2,0,1,3,0,1,0
99,385,387,115,500,0,46400,0,12,3,1,0,49140,5460,5460,38220,2,1,2,9,5,0,0,1,1,0,1,0
100,347,419,257,2000,6000000,46400,-74300,12,1,2,2,63240,10540,5270,47430,2,0,6,5,0,2,0,2,3,0,1,0
101,413,428,56,1000,0,0,0,10,3,1,2,94560,7880,15760,70920,0,1,5,9,3,0,0,0,1,0,1,0
102,437,431,255,2000,6000000,68500,0,7,1,2,2,6400,640,1280,4480,2,0,6,8,1,1,1,3,4,0,0,1
103,442,433,152,500,0,0,0,16,1,0,0,70400,6400,19200,44800,1,0,6,13,5,2,2,0,1,1,0,1
104,291,443,59,2000,0,64200,-32300,0,3,0,2,51570,5730,11460,34380,1,1,1,10,2,0,0,2,0,0,0,0
105,54,8,195,1000,0,47600,-39600,5,1,0,1,2640,480,480,1680,1,1,6,6,1,1,1,1,4,0,1,0
106,64,32,295,2000,5000000,62400,0,16,3,0,0,59130,6570,6570,45990,1,1,6,11,1,0,1,2,1,0,0,1
107,90,40,127,2000,5000000,0,0,12,2,1,1,66950,10300,10300,46350,1,0,2,11,3,0,0,2,1,1,0,0
108,120,45,255,2000,4000000,0,0,22,1,2,0,69300,13860,13860,41580,2,1,2,8,2,2,2,1,1,0,0,0
109,149,49,193,500,0,0,0,1,1,1,0,112320,17280,17280,77760,1,0,3,2,1,2,2,0,3,0,1,1
110,164,51,122,500,0,38100,-31400,18,3,2,0,99990,18180,18180,63630,1,0,5,9,4,0,1,2,1,0,1,0
111,15,62,473,2000,0,55700,0,12,4,0,0,63120,10520,10520,42080,0,0,4,13,2,0,2,0,3,1,0,1
112,81,70,244,2000,5000000,0,0,10,1,2,1,6600,660,1320,4620,2,0,5,3,5,3,1,3,2,0,0,0
113,83,71,200,2000,0,57300,-80600,13,1,0,3,6490,1180,1180,4130,1,1,2,3,5,3,1,3,2,0,1,0
114,108,74,298,2000,0,28800,0,1,1,0,0,70590,10860,10860,48870,2,0,6,6,2,2,0,0,1,0,0,1
115,204,83,241,2000,0,0,0,21,3,1,2,19080,4240,2120,12720,1,1,3,11,0,0,1,2,0,0,0,0
116,236,88,99,1000,3000000,0,0,17,1,1,1,41130,4570,4570,31990,0,1,3,2,4,2,0,2,1,1,0,0
117,3,91,256,2000,6000000,48900,-62400,5,1,1,2,63400,6340,6340,50720,1,0,6,1,4,2,0,0,4,0,0,1
118,47,98,355,2000,4000000,0,0,19,3,2,1,62800,6280,6280,50240,2,1,1,7,0,0,0,0,1,0,0,1
119,87,105,134,500,0,36400,0,2,1,2,1,64240,11680,11680,40880,2,0,4,7,3,2,2,2,1,0,1,0
120,95,106,80,2000,5000000,67700,-58400,5,1,2,0,6930,1260,630,5040,0,0,6,1,0,3,1,1,2,0,1,0
121,240,119,249,1000,0,0,0,16,1,0,0,53500,5350,5350,42800,1,0,4,1,3,2,0,0,1,0,1,0
122,11,122,447,2000,0,0,-51000,21,3,1,2,114920,17680,17680,79560,0,0,2,3,2,0,0,0,1,1,1,0
123,75,133,120,1000,0,78300,0,22,3,2,0,51210,11380,5690,34140,0,0,2,13,2,0,0,2,0,0,0,0
124,151,144,288,1000,0,0,0,4,3,2,1,48060,10680,5340,32040,0,1,5,8,0,0,1,0,1,0,0,0
125,210,158,63,2000,0,0,0,7,1,2,0,6120,1020,1020,4080,1,0,2,5,2,3,1,1,4,0,0,0
126,243,161,174,2000,0,53200,-53800,21,3,2,2,65400,10900,10900,43600,0,0,1,12,3,0,1,2,0,0,0,0
127,248,162,101,1000,0,25900,0,7,1,0,3,5900,1180,590,4130,1,1,5,6,2,1,1,1,2,0,0,0
128,27,167,202,500,3000000,31000,-30200,5,1,2,1,5720,1040,520,4160,0,1,3,3,1,3,1,1,2,1,0,1
129,53,169,223,500,0,88400,-46500,7,3,1,0,70510,12820,12820,44870,0,0,3,8,0,0,2,0,4,1,0,0
130,71,173,222,2000,0,37800,-50300,7,1,0,2,61290,6810,6810,47670,0,0,4,1,1,2,0,2,3,0,0,1
131,100,176,269,500,0,0,-72300,23,1,0,0,79300,15860,15860,47580,0,0,1,10,1,2,1,1,4,1,0,0
132,242,188,190,2000,0,36900,-53700,10,1,2,1,6300,630,630,5040,2,0,3,3,2,1,1,3,2,0,1,0
133,12,189,60,500,3000000,0,0,9,1,1,0,56520,4710,9420,42390,2,1,4,10,5,2,1,2,0,1,0,0
134,39,190,199,500,0,48500,0,4,1,0,3,60170,10940,10940,38290,1,1,3,12,5,2,0,0,0,0,0,1
135,155,207,375,1000,0,0,0,16,1,2,3,37280,0,0,37280,0,1,0,11,2,2,0,0,4,1,0,1
136,169,210,47,2000,0,75400,0,18,1,1,0,6700,670,670,5360,1,1,2,7,1,1,1,1,2,0,0,0
137,228,221,377,500,0,0,-64000,10,3,1,3,59040,6560,6560,45920,0,0,4,2,4,0,0,2,1,1,0,0
138,107,233,118,2000,0,0,-57000,22,2,1,0,74200,7420,14840,51940,2,0,2,5,3,0,0,0,0,0,0,0
139,137,238,120,1000,0,68900,0,9,3,0,3,65500,6550,6550,52400,1,0,6,12,1,0,1,1,1,0,0,0
140,165,243,108,1000,0,71400,0,4,3,2,2,61380,11160,5580,44640,2,0,6,1,1,0,2,1,0,0,1,0
141,170,244,222,500,0,0,0,23,3,0,0,51740,11940,7960,31840,1,1,0,1,1,0,1,1,4,1,0,0
142,244,248,95,1000,0,0,-70300,3,1,1,2,3200,640,320,2240,1,1,0,1,2,3,1,3,2,1,0,0
143,317,262,275,2000,0,39400,-63900,8,3,1,1,64320,5360,10720,48240,2,0,0,0,5,0,2,2,0,1,0,0
144,368,269,10,1000,0,0,-60700,5,1,0,2,48950,4450,8900,35600,1,0,3,2,5,2,2,1,4,0,0,1
145,487,283,69,500,0,0,0,23,3,0,0,63300,12660,6330,44310,2,0,2,1,2,0,1,1,4,0,0,0
146,259,285,134,2000,0,0,0,19,3,0,2,47790,5310,5310,37170,1,0,6,3,4,0,1,0,1,0,1,1
147,274,287,217,2000,0,49900,-19800,16,3,0,2,64920,10820,10820,43280,2,0,5,7,2,0,0,1,1,0,0,0
148,278,289,108,2000,0,0,0,6,3,0,1,64350,5850,11700,46800,0,0,3,1,1,0,2,0,4,0,1,1
149,458,307,347,500,9000000,0,-12100,15,1,0,2,103560,8630,17260,77670,2,0,4,8,4,2,2,2,3,1,0,0
150,466,309,126,2000,0,54500,0,2,3,0,1,58410,10620,5310,42480,0,0,5,13,5,0,2,0,1,0,1,0
151,387,331,7,1000,0,0,-45300,21,1,1,2,62460,6940,6940,48580,2,1,0,6,5,2,0,2,3,0,0,0
152,453,341,20,500,0,33000,-43600,15,3,2,1,60750,6750,6750,47250,1,0,0,13,0,0,1,2,3,0,0,0
153,465,343,33,1000,6000000,45500,-60600,16,1,2,1,81400,8140,8140,65120,2,0,0,5,4,2,1,0,4,0,0,0
154,478,346,389,2000,0,0,0,6,1,1,2,6300,630,1260,4410,2,1,5,1,4,3,1,1,4,0,0,1
155,479,347,317,1000,0,43700,0,18,1,2,1,104610,19020,19020,66570,1,1,4,11,2,2,0,0,1,0,0,1
156,372,360,129,2000,0,51500,0,7,1,1,3,74360,13520,6760,54080,2,0,6,11,0,2,0,2,3,0,0,0
157,407,366,269,500,0,54800,-64100,5,3,0,0,24200,2200,4400,17600,2,0,2,6,5,0,2,2,4,0,0,0
158,257,375,279,2000,0,0,0,13,1,0,1,57690,6410,12820,38460,2,1,0,6,2,2,2,0,4,1,0,1
159,286,380,163,1000,6000000,26900,0,14,3,2,0,63910,5810,11620,46480,0,1,3,8,1,0,1,2,0,1,0,0
160,318,384,1,500,0,0,0,1,3,1,0,31700,6340,3170,22190,1,0,2,13,1,0,1,1,4,0,0,0
161,343,386,334,500,0,0,0,3,1,0,3,6240,960,960,4320,2,1,5,10,2,3,1,1,2,0,0,0
162,283,410,436,2000,5000000,47400,-27600,10,1,0,2,59900,11980,5990,41930,1,1,6,12,2,2,1,0,4,0,0,1
163,388,424,208,2000,5000000,0,0,15,3,0,1,62810,11420,11420,39970,0,1,3,6,5,0,2,2,3,1,0,0
164,401,426,261,1000,0,0,0,11,1,1,0,59670,9180,9180,41310,2,1,4,13,3,2,0,2,1,1,0,0
165,436,430,61,500,0,54600,0,6,1,1,2,41850,4650,4650,32550,0,1,3,3,2,2,2,0,1,0,0,0
166,467,436,411,1000,0,0,0,23,3,0,0,38610,3510,3510,31590,1,0,1,10,2,0,2,0,0,0,0,0
167,498,440,405,500,0,0,-46900,11,1,0,0,63580,5780,5780,52020,1,1,4,3,1,2,0,0,4,0,0,1
168,311,447,10,2000,0,0,-22200,3,3,0,3,31350,2850,5700,22800,0,1,4,11,1,0,0,0,0,0,0,1
169,2,0,134,2000,5000000,35100,0,7,3,2,3,34650,7700,3850,23100,0,0,6,11,3,0,1,1,4,0,0,0
170,9,4,212,500,0,0,-39300,14,1,2,1,42300,4700,4700,32900,0,1,6,8,5,2,1,2,3,0,0,0
171,28,7,224,2000,0,0,-55600,21,1,1,0,69840,7760,15520,46560,0,0,3,11,1,2,2,1,3,0,1,0
172,86,10,153,1000,4000000,800,0,9,3,2,1,68400,11400,11400,45600,2,0,0,8,0,0,0,1,3,0,0,0
173,201,27,342,500,0,63100,-13800,3,1,2,0,76700,7670,7670,61360,1,1,6,13,1,2,1,1,1,0,1,0
174,123,46,22,2000,0,51100,0,0,4,1,0,77130,8570,17140,51420,1,0,1,9,2,0,0,2,3,1,0,0
175,173,52,8,500,4000000,0,-88300,2,3,0,2,48100,11100,7400,29600,1,0,4,13,5,0,0,0,1,0,1,0
176,231,60,298,1000,6000000,36900,-55000,18,1,2,3,33550,3050,6100,24400,2,1,3,9,3,2,2,1,4,0,1,0
177,30,95,64,1000,0,53200,0,22,4,0,0,75600,12600,12600,50400,1,1,5,9,0,0,2,0,0,0,0,0
178,49,99,192,1000,0,0,-40300,19,1,0,0,76600,15320,7660,53620,0,0,5,3,5,2,1,2,3,0,0,0
179,18,123,160,500,0,45500,-37800,19,1,1,0,72930,6630,13260,53040,2,0,4,2,2,2,2,2,3,1,0,0
180,38,126,431,2000,0,65700,0,4,3,2,0,62300,12460,6230,43610,2,0,4,2,4,0,1,0,4,0,0,0
181,57,128,94,1000,0,0,0,19,1,1,3,2400,300,300,1800,2,0,5,0,3,1,1,1,2,0,0,0
182,119,141,245,500,8000000,58000,0,7,3,0,1,72820,13240,6620,52960,1,0,0,0,0,0,1,1,4,0,0,0
183,153,145,431,1000,0,17600,0,13,3,2,3,63240,10540,10540,42160,0,0,5,2,3,0,1,2,1,0,0,0
184,198,154,328,500,0,45100,-32800,17,1,2,1,59400,5940,11880,41580,1,1,5,1,3,2,0,0,0,1,0,0
185,178,182,245,500,0,27000,-58900,0,1,0,1,85150,13100,13100,58950,2,0,5,1,2,2,0,2,3,1,0,0
186,216,184,69,2000,0,0,0,14,1,2,2,63120,5260,10520,47340,0,0,2,6,4,2,0,1,1,0,0,0
187,233,186,172,2000,0,63600,-68700,19,3,2,0,79750,14500,14500,50750,0,1,4,5,3,0,1,0,4,0,0,0
188,40,191,79,500,0,0,-55700,19,1,2,2,40000,8000,4000,28000,0,1,0,12,1,2,1,1,0,0,0,0
189,46,194,163,500,0,35300,0,11,3,1,1,77110,0,14020,63090,0,0,0,7,0,0,1,2,1,1,0,0
190,51,195,91,2000,0,0,0,4,1,1,2,7260,1320,660,5280,0,0,3,4,0,3,1,3,2,0,0,0
191,103,199,165,1000,0,35300,-58100,3,1,1,1,2970,330,330,2310,0,0,0,12,2,1,1,1,4,0,0,0
192,184,212,296,1000,7000000,0,0,18,1,0,2,54900,5490,5490,43920,0,1,5,2,1,2,0,0,0,0,0,0
193,217,218,38,1000,0,0,-39700,17,1,2,1,7200,1440,720,5040,1,1,5,13,1,3,1,3,2,0,0,0
194,234,222,27,2000,0,0,-32500,10,3,0,2,53600,5360,10720,37520,0,1,3,4,2,0,0,0,3,0,1,1
195,36,226,62,1000,0,0,0,3,1,1,1,60200,6020,6020,48160,0,0,5,10,4,2,1,2,4,0,1,1
196,101,232,80,1000,0,0,0,13,1,1,0,52800,10560,5280,36960,0,0,1,12,4,2,2,0,4,1,1,0
197,280,258,259,1000,0,0,-83900,12,3,1,3,46560,7760,7760,31040,1,0,3,2,4,0,2,1,1,0,0,0
198,289,260,40,1000,4000000,0,-33300,8,1,0,2,8760,1460,1460,5840,2,0,1,11,3,1,1,1,4,0,0,0
199,425,276,4,500,0,0,0,0,4,0,0,66880,6080,12160,48640,2,0,1,3,2,0,2,0,4,0,0,1
200,428,277,167,1000,0,0,-38400,22,3,0,0,69680,8710,8710,52260,0,0,5,3,2,0,1,0,0,0,0,1
201,489,284,19,500,0,0,0,6,3,0,2,75400,11600,11600,52200,1,1,3,13,1,0,0,2,0,0,0,1
202,314,295,91,2000,8000000,43900,0,13,3,2,0,84500,13000,13000,58500,1,0,5,6,4,0,2,1,3,1,0,0
203,340,299,290,500,0,0,-61000,23,3,2,2,64800,12960,6480,45360,0,0,3,11,5,0,2,2,4,1,0,1
204,461,308,410,2000,0,0,-17000,0,1,0,2,59520,9920,9920,39680,0,1,4,10,3,2,2,1,0,1,0,0
205,469,310,35,2000,0,0,-51900,23,3,2,2,53190,5910,11820,35460,0,0,6,10,1,0,2,1,1,0,0,0
206,490,312,191,2000,0,45000,-30400,3,1,1,1,2250,250,250,1750,2,1,2,1,4,3,1,1,2,1,0,0
207,492,313,298,500,0,0,-71700,16,3,0,2,69480,11580,11580,46320,1,1,4,6,5,0,2,0,3,0,0,0
208,496,314,321,2000,6000000,0,-39100,7,1,1,2,4680,520,0,4160,2,1,0,6,0,3,1,3,4,0,0,0
209,355,324,256,500,0,56700,-65600,11,1,0,0,63250,11500,5750,46000,0,0,4,9,4,2,1,2,1,0,0,0
210,451,340,88,1000,0,42800,-51200,3,1,2,0,56000,14000,0,42000,0,0,1,13,0,2,2,2,1,0,1,0
211,494,349,338,2000,0,0,-56200,1,3,2,3,64100,12820,6410,44870,1,0,0,1,3,0,1,0,3,0,0,1
212,321,353,142,2000,0,58500,-46800,13,3,0,3,63600,6360,12720,44520,1,1,3,0,0,0,1,0,3,1,1,0
213,330,355,129,1000,0,0,0,23,1,2,3,44640,9920,4960,29760,2,1,5,6,1,2,2,0,1,0,0,0
214,365,358,162,1000,0,30700,0,7,1,0,0,3600,360,720,2520,0,0,5,0,5,1,1,1,2,0,0,1
215,383,362,289,2000,0,0,0,18,1,0,1,56430,6270,6270,43890,1,1,3,1,4,2,1,1,0,1,1,1
216,434,369,146,2000,0,0,0,12,1,0,3,59940,6660,6660,46620,0,1,0,8,3,2,1,0,1,0,0,0
217,484,372,439,500,0,48900,-40900,9,1,2,0,50000,15000,5000,30000,0,1,2,1,3,2,1,1,0,0,0,0
218,267,378,35,2000,0,52100,-46900,22,3,0,0,78300,15660,7830,54810,2,0,3,5,4,0,1,1,1,0,0,0
219,411,388,84,1000,0,0,-29900,6,1,2,0,6820,620,1240,4960,1,0,2,6,1,1,1,3,4,1,1,0
220,440,396,108,2000,0,0,0,14,1,0,2,57330,6370,6370,44590,2,1,5,10,1,2,1,2,1,0,0,0
221,277,408,264,500,0,55600,0,4,1,1,0,60390,10980,5490,43920,0,1,6,9,4,2,1,1,3,0,0,1
222,295,414,123,500,0,0,-54600,13,1,1,2,72120,12020,12020,48080,1,0,0,9,5,2,2,2,1,0,0,0
223,313,416,436,1000,0,39000,0,10,3,2,2,68000,13600,6800,47600,2,1,6,10,3,0,2,2,4,0,0,0
224,430,429,264,2000,10000000,0,-67400,16,4,1,2,62370,5670,5670,51030,1,0,3,13,2,0,0,2,0,1,1,0
225,495,439,261,1000,0,0,-49400,19,1,0,3,80280,13380,13380,53520,0,1,6,9,4,2,1,1,3,0,0,0
226,121,15,206,500,4000000,0,-53700,11,1,2,1,76560,12760,12760,51040,2,0,4,7,2,2,0,0,0,0,0,1
227,4,3,228,1000,6000000,66000,-46000,20,1,0,1,6500,1300,650,4550,2,1,0,11,4,3,1,1,2,0,0,0
228,145,20,398,500,0,0,-57900,18,1,2,1,99320,7640,15280,76400,0,0,0,3,5,2,0,0,4,1,0,1
229,194,26,73,2000,4000000,29300,0,9,3,0,1,40160,5020,0,35140,1,1,4,4,1,0,1,2,3,0,1,0
230,222,30,330,1000,0,0,0,19,1,0,0,49060,8920,8920,31220,2,0,2,11,0,2,2,2,1,1,0,0
231,58,31,11,2000,0,56600,-45800,22,1,0,1,65790,7310,7310,51170,1,1,6,7,0,2,0,2,0,1,0,0
232,91,42,61,2000,4000000,0,-62400,14,1,0,3,98340,8940,17880,71520,1,0,0,12,3,2,2,0,4,0,0,1
233,109,44,87,1000,0,0,-47500,16,3,0,3,60940,5540,11080,44320,2,0,5,11,0,0,1,0,1,0,1,1
234,135,47,171,2000,0,84900,0,14,1,1,2,69200,13840,6920,48440,1,0,1,3,2,2,1,0,4,0,0,1
235,223,59,362,500,4000000,53000,-72500,17,3,1,1,57060,6340,6340,44380,1,1,0,11,5,0,2,2,1,0,0,0
236,22,63,370,2000,0,72700,-68200,20,3,0,0,71520,17880,5960,47680,0,1,2,9,2,0,1,0,0,0,1,1
237,24,65,237,1000,0,0,-53500,6,1,1,3,77880,7080,14160,56640,0,1,1,2,0,2,1,1,3,0,0,0
238,73,69,215,500,0,0,-42900,7,3,2,0,57120,9520,4760,42840,0,0,1,13,1,0,1,1,1,0,1,0
239,55,101,22,1000,0,71500,0,3,1,1,2,78900,15780,7890,55230,0,1,6,2,1,2,1,1,1,1,0,0
240,61,102,245,1000,0,69100,0,23,3,0,3,44280,7380,3690,33210,2,1,3,5,0,0,2,2,3,0,0,0
241,67,131,478,500,0,59600,0,17,3,1,1,33930,0,3770,30160,1,0,0,0,4,0,2,1,1,0,0,0
242,99,137,239,1000,0,0,0,10,1,0,0,5600,700,700,4200,0,1,1,3,1,3,1,3,2,0,0,0
243,128,142,274,2000,0,40700,-47300,22,1,0,3,63840,10640,10640,42560,0,1,1,4,5,2,0,0,1,1,1,1
244,159,146,136,500,0,62500,-66900,9,1,2,0,6200,1240,620,4340,0,0,3,13,2,3,1,1,4,0,0,0
245,63,170,215,500,0,0,-49000,20,3,2,2,68520,11420,5710,51390,2,1,3,13,3,0,0,0,1,1,1,1
246,70,172,271,500,0,56200,-50000,12,2,2,3,68310,12420,6210,49680,0,0,0,9,3,0,2,0,3,0,0,1
247,161,179,278,2000,7000000,0,-54000,12,1,2,0,76050,11700,11700,52650,2,0,4,4,1,2,0,2,0,0,0,0
248,124,203,211,500,0,0,0,1,1,1,1,42000,7000,7000,28000,0,0,3,9,1,2,1,2,0,1,0,0
249,127,204,165,500,0,70500,0,9,1,2,0,3960,330,660,2970,2,0,2,12,3,1,1,1,4,0,0,0
250,207,215,124,500,0,0,0,14,3,0,3,72000,7200,7200,57600,2,1,5,5,0,0,2,0,4,0,1,0
251,249,223,94,2000,0,0,-52600,19,1,1,3,64100,6410,6410,51280,1,0,2,1,2,2,1,0,1,0,1,0
252,31,225,166,2000,8000000,27500,0,10,3,2,2,67140,7460,7460,52220,0,1,3,2,0,0,2,0,4,0,0,1
253,126,236,166,2000,0,59600,-32100,8,1,0,0,40320,5760,5760,28800,0,1,4,10,4,2,2,2,3,0,0,0
254,138,239,325,500,0,46300,-77500,21,3,1,2,76120,13840,6920,55360,2,0,2,9,5,0,1,1,1,0,1,0
255,158,242,45,1000,0,29000,0,17,3,2,0,78240,13040,13040,52160,0,1,5,6,1,0,0,2,0,0,0,0
256,196,245,196,2000,0,0,0,3,1,1,1,5300,530,530,4240,1,1,4,1,3,3,1,3,4,0,0,1
257,270,256,369,2000,0,55400,0,6,3,2,0,85300,17060,8530,59710,1,1,1,5,0,0,1,1,4,0,1,0
258,272,257,332,2000,0,91900,0,22,4,2,0,71760,11040,11040,49680,0,1,4,2,2,0,0,0,4,1,0,1
259,287,259,219,500,0,68700,0,6,1,1,0,6400,640,640,5120,0,0,0,13,1,3,1,3,2,0,0,0
260,367,268,289,2000,0,73000,-37900,15,1,1,0,54000,6000,6000,42000,2,0,0,0,3,2,0,1,0,0,1,0
261,444,280,144,2000,6000000,23600,-15600,7,1,0,0,7400,740,1480,5180,2,0,0,11,2,1,1,1,2,0,0,0
262,302,292,48,2000,0,34000,-55600,23,3,0,2,87300,17460,17460,52380,0,1,1,11,2,0,1,0,4,1,0,0
263,324,296,97,1000,0,0,0,4,2,2,2,50400,10080,5040,35280,1,1,1,3,1,0,1,0,3,1,0,1
264,353,300,475,500,0,67400,-83200,20,1,0,2,78000,6500,13000,58500,0,1,5,0,3,2,0,1,4,0,0,0
265,373,301,140,2000,6000000,59000,0,2,1,1,2,6120,680,680,4760,1,0,3,1,5,1,1,1,2,1,0,1
266,293,317,147,1000,0,0,-48300,13,1,2,2,101010,15540,15540,69930,2,1,2,11,5,2,2,1,1,1,0,0
267,331,320,283,2000,0,53500,-73600,3,3,1,3,77660,7060,14120,56480,2,0,6,13,0,0,0,0,0,0,0,1
268,358,325,177,1000,0,0,-13200,22,1,1,3,82800,20700,13800,48300,0,1,1,0,5,2,2,0,0,0,0,1
269,408,334,275,2000,0,0,-45300,17,1,1,3,43230,7860,7860,27510,1,1,5,3,4,2,1,1,1,0,1,0
270,439,339,61,1000,0,0,-66000,10,1,2,1,5900,590,590,4720,1,1,3,5,4,1,1,3,2,1,1,0
271,468,344,225,1000,5000000,49600,0,19,3,2,2,57600,9600,9600,38400,0,0,2,4,1,0,0,1,1,0,0,0
272,370,359,396,1000,0,0,-22400,22,3,2,1,52560,11680,5840,35040,0,1,2,10,2,0,0,0,3,1,0,0
273,403,365,344,2000,0,0,0,14,1,0,2,82830,7530,15060,60240,0,1,0,11,2,2,2,1,0,0,0,0
274,418,391,277,500,0,0,0,6,1,1,3,5000,1000,500,3500,2,1,2,8,4,3,1,3,4,0,0,0
275,427,393,91,1000,4000000,63600,0,19,1,1,0,60570,6730,6730,47110,0,0,2,8,3,2,2,1,4,0,0,0
276,379,423,157,2000,0,0,-54100,14,3,1,2,50800,10160,5080,35560,0,1,1,7,2,0,0,0,3,0,0,1
277,264,441,84,2000,0,44400,-51500,9,1,1,0,57640,5240,10480,41920,2,0,4,10,5,2,2,1,4,0,1,0
278,21,5,217,2000,0,46700,0,15,3,1,2,37840,0,4730,33110,2,0,0,6,3,0,2,2,4,0,0,0
279,116,13,107,2000,0,62000,-63100,16,1,0,3,51260,9320,9320,32620,2,0,6,6,2,2,1,1,4,0,0,0
280,167,21,298,1000,0,0,-51100,18,3,0,0,64000,12800,6400,44800,2,1,2,4,4,0,0,1,0,0,0,0
281,191,24,252,1000,0,68500,-57500,18,1,1,2,50490,5610,5610,39270,1,1,3,4,4,2,2,1,4,0,0,0
282,37,28,289,2000,0,0,0,16,1,1,1,5330,1230,820,3280,2,0,3,8,4,1,1,1,2,0,1,0
283,227,36,343,1000,0,0,0,2,1,0,2,47630,12990,4330,30310,2,0,0,9,1,2,0,0,3,0,0,1
284,148,48,82,1000,0,13100,-38200,14,1,2,3,71680,8960,8960,53760,0,1,6,0,1,2,1,0,3,0,0,1
285,181,56,426,2000,0,29600,-22300,13,1,2,3,100800,16800,16800,67200,2,0,5,0,1,2,2,1,4,1,0,0
286,23,64,413,2000,0,0,-31000,15,1,2,2,98160,8180,16360,73620,0,1,4,8,3,2,0,2,0,0,0,1
287,35,67,147,1000,6000000,53300,-49200,15,1,2,0,53100,10620,5310,37170,0,1,2,2,1,2,0,0,3,1,1,1
288,144,78,106,2000,0,54100,0,20,3,0,3,45630,5070,5070,35490,2,0,3,4,5,0,1,2,4,0,1,0
289,43,97,106,500,0,49700,-60200,23,1,2,2,51120,5680,5680,39760,1,0,6,13,3,2,1,2,3,0,0,0
290,78,103,194,1000,6000000,0,-45000,15,1,2,2,8060,1240,1240,5580,2,0,3,7,5,3,1,1,2,1,1,0
291,131,108,194,500,0,0,0,3,3,2,2,61500,6150,12300,43050,1,1,5,0,3,0,0,0,3,0,0,0
292,139,110,124,1000,0,0,-43200,19,3,0,2,73560,12260,12260,49040,1,0,4,7,1,0,0,2,3,0,1,0
293,183,114,86,500,7000000,0,-30300,11,1,1,1,81840,14880,7440,59520,0,1,3,12,2,2,1,1,4,0,1,1
294,200,116,30,2000,0,0,0,9,1,2,1,5760,960,960,3840,1,1,6,2,1,3,1,3,4,0,1,0
295,74,132,192,1000,0,0,0,18,3,1,0,42930,9540,4770,28620,0,0,0,11,5,0,2,1,0,1,1,0
296,130,143,280,1000,0,57900,0,0,3,1,2,84720,14120,14120,56480,1,1,3,6,5,0,0,1,3,1,0,0
297,241,160,177,2000,0,0,-74500,20,1,2,0,73700,7370,7370,58960,0,0,1,0,2,2,0,0,3,1,0,1
298,6,164,137,1000,0,0,-77000,0,3,0,0,78650,21450,7150,50050,1,1,6,9,0,0,0,1,4,0,0,0
299,33,168,114,1000,0,51400,-64000,1,3,1,2,77110,14020,14020,49070,0,1,2,4,5,0,0,0,0,0,0,0
300,129,177,81,1000,6000000,42400,0,0,3,1,2,44730,4970,4970,34790,1,0,5,11,0,0,0,0,1,0,0,1
301,154,178,101,1000,7000000,52000,-44500,20,3,1,3,54240,9040,9040,36160,0,0,5,7,3,0,1,1,0,0,0,1
302,172,180,73,1000,0,35100,-59900,15,3,1,0,44910,4990,4990,34930,1,1,1,10,5,0,1,2,3,1,0,0
303,219,185,281,1000,6000000,0,0,21,3,1,0,60190,9260,9260,41670,0,1,1,8,2,0,2,1,1,0,0,0
304,114,202,390,2000,0,0,0,9,1,1,1,7080,1180,1180,4720,1,1,0,1,2,3,1,1,2,1,1,0
305,157,208,428,500,7000000,0,0,8,1,2,3,6500,1300,650,4550,1,0,3,9,2,1,1,1,2,0,0,0
306,224,220,241,2000,0,0,0,23,3,0,3,77880,12980,12980,51920,0,0,0,12,1,0,2,0,1,0,1,0
307,79,231,227,500,0,0,0,16,1,1,2,72200,14440,7220,50540,2,0,6,5,4,2,1,0,1,0,0,1
308,115,235,258,1000,10000000,34400,-56800,14,3,0,1,47700,4770,9540,33390,0,1,4,6,2,0,2,2,3,0,0,1
309,140,240,211,2000,0,76000,0,2,1,0,1,52030,9460,4730,37840,0,1,5,6,2,2,1,2,4,1,0,0
310,152,241,104,500,0,31900,-44600,23,3,1,3,63570,9780,9780,44010,1,1,2,3,3,0,1,2,4,1,1,1
311,218,246,328,500,0,24800,0,0,1,2,3,70290,12780,6390,51120,2,0,4,9,1,2,1,2,3,0,0,1
312,266,255,246,1000,0,34400,-33100,9,3,2,2,53280,11840,5920,35520,1,1,3,6,5,0,2,0,1,0,0,1
313,354,267,77,2000,0,56400,-32800,1,3,0,0,67200,6720,6720,53760,2,0,2,0,3,0,0,1,0,1,0,0
314,409,274,265,500,0,0,0,3,1,2,3,3190,290,580,2320,1,0,1,3,4,3,1,3,2,0,0,0
315,456,281,78,500,0,0,0,20,1,0,1,7480,680,680,6120,0,1,5,2,0,3,1,1,4,0,1,0
316,402,303,159,2000,0,69200,-36900,23,3,2,0,44880,8160,4080,32640,0,0,1,2,0,0,1,0,0,1,0,1
317,485,311,66,2000,0,0,-31700,0,1,2,1,48290,8780,8780,30730,0,1,0,0,0,2,0,2,3,0,0,0
318,263,315,244,2000,7000000,0,-45000,5,3,1,1,61490,5590,11180,44720,2,1,5,1,2,0,2,1,4,0,0,0
319,375,328,315,1000,6000000,0,-56800,12,3,1,0,26730,4860,4860,17010,1,0,5,11,2,0,0,2,3,0,1,0
320,378,330,230,1000,0,0,0,19,3,2,0,53040,4420,4420,44200,0,1,3,13,3,0,2,1,0,0,0,0
321,462,342,448,2000,0,38600,-50300,10,3,2,1,47760,5970,5970,35820,0,0,6,12,3,0,0,0,4,0,0,1
322,473,345,300,1000,0,0,0,3,1,1,0,7080,1180,1180,4720,0,0,6,4,5,3,1,3,2,0,0,0
323,374,361,419,2000,6000000,45700,0,17,4,0,0,62280,5190,10380,46710,2,1,1,13,4,0,2,1,4,0,1,0
324,464,371,43,1000,0,64400,0,1,3,2,2,61650,6850,6850,47950,2,1,6,5,2,0,0,2,3,1,0,0
325,491,373,4,1000,6000000,64200,0,14,3,1,3,54120,4510,9020,40590,0,0,2,6,4,0,0,1,0,1,0,0
326,493,374,231,2000,0,0,0,12,1,1,2,66950,10300,10300,46350,0,0,5,0,1,2,1,1,4,0,0,0
327,435,395,102,500,0,55200,0,6,1,1,0,73400,7340,7340,58720,1,1,4,6,5,2,2,2,4,0,0,0
328,445,398,414,500,0,44000,-71000,13,1,1,1,54810,6090,6090,42630,2,0,2,4,4,2,1,2,4,1,0,1
329,452,399,101,1000,0,12100,0,3,1,1,0,4290,780,390,3120,2,0,1,8,4,1,1,3,2,1,0,0
330,254,403,20,1000,0,0,0,21,3,2,2,63250,5750,11500,46000,2,0,3,12,5,0,1,0,1,0,0,1
331,342,418,66,1000,0,0,0,8,1,2,2,57860,0,10520,47340,1,1,1,1,3,2,1,0,4,0,1,1
332,392,425,160,1000,0,0,-36600,5,3,2,1,51700,5170,10340,36190,0,0,2,9,0,0,1,2,1,0,0,0
333,406,427,280,2000,0,29300,-64700,10,3,0,3,53020,9640,9640,33740,2,1,4,0,0,0,1,1,4,0,1,0
334,488,438,294,500,0,0,0,8,1,0,3,65780,11960,11960,41860,0,1,1,9,3,2,2,2,3,0,1,0
335,0,1,328,1000,0,53300,0,5,1,1,2,71610,6510,13020,52080,1,1,4,2,0,2,2,0,4,1,1,1
336,26,6,257,2000,0,0,-29200,4,1,1,3,9020,1640,820,6560,0,1,2,9,3,1,1,1,4,1,1,0
337,117,14,225,2000,0,41200,-36200,20,3,2,2,70400,6400,12800,51200,2,1,2,3,4,0,2,0,4,0,0,1
338,10,61,235,500,4000000,38400,0,22,1,2,2,87010,7910,15820,63280,0,0,5,3,2,2,0,2,4,1,0,0
339,29,66,241,2000,0,0,0,5,1,2,2,91650,14100,14100,63450,2,0,6,6,4,2,1,1,4,0,0,0
340,105,73,295,500,0,34300,-24300,4,1,1,3,4320,480,480,3360,0,1,1,9,0,3,1,1,2,1,1,0
341,143,77,22,2000,6000000,0,-56200,14,1,2,3,70800,7080,14160,49560,1,1,4,3,2,2,1,0,0,0,0,1
342,226,86,371,1000,7000000,0,-37100,2,2,2,0,88920,6840,13680,68400,1,0,2,7,3,0,1,1,3,1,0,0
343,230,87,166,1000,0,65600,-68200,18,1,0,2,53680,4880,4880,43920,0,0,2,6,5,2,2,2,3,0,1,0
344,5,92,256,1000,0,0,0,19,3,0,2,64100,6410,6410,51280,1,0,6,12,4,0,1,0,1,0,0,1
345,142,111,122,1000,0,58600,-28700,5,1,2,1,8190,1890,1260,5040,1,1,6,6,3,1,1,1,2,0,1,0
346,213,118,11,2000,0,24000,0,6,3,1,0,53460,9720,9720,34020,2,0,4,9,5,0,2,0,3,0,0,1
347,246,120,2,1000,0,0,0,19,1,0,2,58140,6460,6460,45220,1,0,3,6,1,2,2,1,1,1,1,0
348,32,125,155,1000,0,81100,0,16,3,2,3,29790,3310,3310,23170,2,0,0,0,2,0,0,2,4,1,0,0
349,41,127,116,500,0,0,-24100,1,1,1,1,97080,16180,16180,64720,1,1,0,13,4,2,2,0,4,0,0,1
350,60,129,154,500,0,36900,0,15,3,2,1,69480,15440,0,54040,0,1,6,6,2,0,1,0,4,1,0,1
351,76,134,270,1000,0,0,-19700,18,3,1,1,89400,14900,7450,67050,2,0,1,5,0,0,0,1,1,0,1,0
352,110,139,261,500,0,0,0,18,1,1,2,74700,7470,14940,52290,1,0,1,9,4,2,1,1,4,0,1,0
353,118,140,164,2000,0,44300,0,4,1,1,3,90000,18000,9000,63000,1,0,6,13,1,2,1,1,1,0,1,0
354,188,150,81,500,5000000,51000,-67900,11,3,1,0,73920,13440,6720,53760,0,0,2,12,3,0,1,0,3,0,0,1
355,190,151,449,2000,0,25000,0,8,1,0,1,5390,980,980,3430,1,1,0,12,3,1,1,1,2,1,1,0
356,192,152,359,2000,0,0,0,13,1,0,3,55500,5550,11100,38850,0,0,4,5,4,2,0,2,4,0,0,0
357,193,153,19,1000,0,42900,-90200,8,1,1,1,7040,1280,640,5120,2,1,2,7,0,3,1,1,4,1,1,0
358,229,159,154,1000,0,0,-67800,2,1,0,3,79530,14460,7230,57840,1,0,4,4,2,2,1,1,3,0,0,0
359,235,187,428,2000,0,0,-24400,16,3,1,0,76560,12760,6380,57420,0,1,5,13,4,0,2,1,1,0,0,0
360,42,192,37,500,0,0,-67400,17,3,1,0,51660,5740,5740,40180,2,0,1,9,0,0,2,1,3,1,0,0
361,106,200,464,1000,0,0,-56400,6,3,0,2,79800,6650,19950,53200,2,0,0,9,0,0,1,0,4,0,1,1
362,215,217,272,1000,0,0,0,5,3,1,2,81070,7370,14740,58960,0,1,6,2,2,0,2,1,0,0,1,1
363,20,224,460,1000,4000000,0,0,20,3,1,0,47160,0,5240,41920,1,1,3,7,3,0,1,1,4,0,0,0
364,48,228,175,1000,8000000,0,0,5,1,2,0,7290,810,810,5670,2,0,6,10,2,3,1,3,4,0,1,0
365,251,251,111,500,5000000,0,0,2,3,1,2,80850,7350,14700,58800,1,1,4,11,2,0,2,0,4,0,0,1
366,262,252,232,500,8000000,0,-33600,17,3,0,1,70600,7060,14120,49420,1,1,1,6,0,0,1,0,0,0,0,1
367,253,253,440,500,0,41500,-70200,21,1,2,3,53640,5960,5960,41720,1,1,6,13,5,2,2,0,1,0,0,1
368,389,271,126,1000,2000000,36700,-73400,21,1,1,2,54160,6770,6770,40620,2,0,3,8,3,2,0,0,0,1,0,0
369,417,275,186,2000,0,0,0,22,1,1,2,55600,11120,5560,38920,1,0,3,8,4,2,1,2,0,1,1,0
370,282,290,201,2000,0,0,0,14,1,0,0,6820,1240,1240,4340,1,0,6,13,1,3,1,1,4,1,1,0
371,419,304,138,500,5000000,56900,-56900,6,1,2,0,95810,14740,14740,66330,1,0,3,3,3,2,2,1,3,0,0,0
372,300,318,259,500,0,0,-39300,15,1,1,3,7680,1280,640,5760,0,0,5,4,1,3,1,3,4,0,0,0
373,377,329,32,2000,6000000,0,-79800,16,1,1,2,45500,9100,4550,31850,0,1,3,7,1,2,2,2,1,0,0,0
374,404,333,437,1000,0,48800,0,10,1,1,3,84480,7680,15360,61440,2,0,1,1,4,2,0,1,3,0,0,1
375,416,336,328,500,0,0,0,19,1,0,2,71440,8930,8930,53580,2,0,5,13,5,2,1,2,4,0,1,0
376,345,356,86,2000,0,75800,0,19,1,0,2,70920,11820,11820,47280,0,1,6,13,4,2,2,1,4,1,1,0
377,394,363,157,500,7000000,40700,-41600,2,4,2,2,47700,4770,9540,33390,2,1,2,4,3,0,1,0,3,0,0,1
378,396,364,409,1000,6000000,55600,0,19,1,1,0,73320,6110,12220,54990,0,1,2,10,4,2,2,0,3,0,0,0
379,421,367,147,1000,0,0,0,22,1,1,0,81120,13520,20280,47320,1,1,4,9,2,2,0,2,0,0,0,0
380,455,370,264,2000,0,0,-8500,9,3,2,0,95150,17300,17300,60550,2,1,0,0,1,0,0,1,4,1,0,0
381,252,376,242,500,0,0,-44600,5,1,1,1,7480,680,680,6120,0,0,2,13,0,3,1,3,4,1,0,0
382,296,381,231,2000,0,0,-58100,15,3,2,2,77100,7710,15420,53970,1,1,1,10,5,0,0,1,4,1,1,0
383,315,382,256,1000,0,0,-39500,14,1,2,1,75500,7550,15100,52850,2,0,4,13,5,2,1,1,4,0,0,0
384,441,397,303,500,0,54600,-45500,17,3,0,3,81960,13660,13660,54640,0,1,4,12,3,0,0,2,3,0,0,0
385,284,411,189,2000,0,0,-49400,17,3,1,3,79560,13260,13260,53040,1,0,4,8,3,0,2,0,4,0,1,0
386,285,412,105,500,0,0,-40900,8,1,0,1,70290,12780,6390,51120,2,0,2,0,1,2,0,2,3,1,0,0
387,362,421,150,1000,0,0,0,8,1,0,2,4500,450,450,3600,0,1,4,9,3,1,1,3,2,1,0,0
388,454,434,126,2000,0,46500,-42700,23,1,2,3,48730,4430,4430,39870,1,0,0,6,1,2,2,1,3,0,0,0
389,271,442,271,1000,0,71200,0,6,1,0,0,3080,560,280,2240,0,0,0,7,5,1,1,1,2,0,0,0
390,297,444,247,500,0,0,0,3,1,2,3,3300,600,0,2700,0,0,1,5,5,1,1,3,4,0,0,0
391,328,448,257,500,0,0,0,6,3,0,2,51810,9420,4710,37680,1,1,4,1,0,0,2,0,3,0,1,1
392,96,11,325,1000,0,61500,0,11,1,0,3,72930,6630,6630,59670,2,0,0,10,1,2,2,0,1,1,0,1
393,136,18,200,1000,0,45300,-20400,9,1,0,0,3690,410,410,2870,0,0,2,11,2,3,1,1,4,0,0,0
394,72,34,199,1000,0,0,0,10,1,1,2,30100,3010,0,27090,1,0,0,11,0,2,1,1,0,0,0,0
395,239,41,151,1000,0,54000,0,0,1,1,1,38830,3530,3530,31770,2,0,5,4,3,2,0,1,1,1,0,0
396,156,50,461,2000,0,0,0,10,3,2,1,72100,7210,14420,50470,0,1,3,3,0,0,1,1,4,0,1,0
397,179,55,235,500,4000000,0,-31700,1,1,2,1,4950,450,900,3600,0,1,4,12,5,3,1,3,2,0,0,0
398,59,68,151,2000,0,94800,-58500,12,3,1,1,62920,11440,5720,45760,1,0,4,0,3,0,2,1,4,0,0,0
399,146,79,214,500,4000000,0,-57100,13,3,2,0,64000,12800,6400,44800,2,1,5,12,1,0,2,0,1,0,0,1
400,187,81,238,2000,0,0,-39200,9,1,1,3,5500,1100,550,3850,1,0,3,10,2,3,1,1,4,1,1,0
401,237,89,107,2000,0,40600,0,2,3,2,3,78650,14300,7150,57200,2,1,4,11,3,0,1,2,1,0,0,1
402,247,90,269,500,4000000,0,-41400,15,3,0,1,98670,15180,15180,68310,0,0,3,7,3,0,1,2,0,0,0,1
403,50,100,430,2000,7000000,0,0,19,3,0,3,81800,16360,8180,57260,1,1,4,7,3,0,0,1,1,0,1,0
404,134,109,93,2000,0,65300,-65600,16,1,1,1,78120,17360,8680,52080,1,1,6,3,4,2,2,1,0,0,0,0
405,65,130,254,500,0,35700,0,6,3,2,2,82320,13720,6860,61740,0,0,4,3,2,0,0,1,0,1,0,1
406,92,135,207,2000,0,55200,0,9,1,0,1,5900,590,590,4720,1,1,6,4,3,1,1,3,2,0,0,0
407,93,136,219,1000,0,90700,-20800,3,3,1,1,70680,5890,11780,53010,0,0,4,3,1,0,0,0,0,0,0,0
408,102,138,279,500,0,37300,-31700,16,3,2,3,28800,0,3600,25200,1,0,3,9,0,0,0,1,1,0,0,0
409,162,148,295,1000,0,49700,-59100,20,2,2,1,86060,13240,13240,59580,2,0,4,3,4,0,2,2,0,0,1,0
410,203,156,468,500,0,0,0,7,3,0,3,64350,7150,7150,50050,0,1,6,6,5,0,1,0,1,1,0,0
411,1,163,228,2000,5000000,0,0,8,1,0,0,5070,780,780,3510,1,1,4,6,2,3,1,1,4,0,0,1
412,16,165,70,1000,5000000,63600,0,0,3,1,2,52110,5790,5790,40530,2,1,1,6,3,0,1,0,3,0,1,0
413,69,171,338,1000,0,0,-51500,13,1,0,1,4300,860,860,2580,2,1,4,7,3,1,1,1,2,0,0,0
414,85,175,275,2000,0,35700,0,13,3,0,1,58300,5830,11660,40810,0,1,2,13,3,0,0,0,1,1,0,0
415,62,196,119,1000,0,0,-49500,12,1,0,3,56300,5630,11260,39410,2,1,2,1,4,2,2,1,3,0,1,0
416,89,198,41,1000,0,0,-56100,12,3,2,0,45120,0,5640,39480,0,0,1,3,1,0,2,0,3,1,0,1
417,113,201,168,1000,0,0,-40600,13,2,1,1,57720,14430,9620,33670,0,1,4,10,3,0,2,0,3,0,0,0
418,197,214,223,500,0,0,0,6,1,0,3,5200,650,650,3900,1,0,4,0,1,1,1,3,2,1,0,0
419,214,216,142,2000,5000000,0,0,11,1,1,3,81360,6780,13560,61020,0,0,3,3,5,2,2,2,3,1,0,1
420,319,263,85,1000,0,51600,-73900,19,1,0,1,74280,12380,12380,49520,2,1,0,10,2,2,2,0,3,1,1,1
421,351,266,270,2000,0,47200,0,20,3,1,0,35900,7180,3590,25130,2,0,0,6,2,0,1,0,0,0,0,1
422,391,272,297,1000,3000000,54900,-36700,17,3,0,0,51480,5720,5720,40040,1,1,6,3,2,0,2,2,1,0,0,0
423,431,278,270,500,0,83200,-53300,23,3,0,0,54340,9880,0,44460,2,0,6,8,1,0,2,2,3,0,1,0
424,443,279,120,1000,0,77900,0,3,1,2,1,3770,580,580,2610,2,0,3,10,1,1,1,1,2,0,0,0
425,276,288,296,2000,0,53100,-63400,9,3,1,2,64080,7120,7120,49840,1,1,0,12,0,0,2,2,0,1,0,0
426,307,294,151,500,0,44000,0,14,3,1,2,59100,5910,5910,47280,1,0,0,10,4,0,1,2,1,0,1,1
427,326,298,305,2000,0,0,-42100,21,3,0,2,66550,12100,6050,48400,0,0,2,4,3,0,0,2,1,1,0,0
428,400,302,369,2000,0,0,0,10,2,1,3,77990,7090,14180,56720,1,0,5,8,1,0,0,2,4,1,0,0
429,450,306,33,500,5000000,70300,-50300,2,1,0,1,56070,6230,12460,37380,0,0,6,7,0,2,1,1,0,1,0,0
430,268,316,156,500,0,0,-61000,15,3,0,3,41490,4610,4610,32270,0,1,0,10,2,0,1,0,0,1,0,0
431,336,321,176,500,4000000,0,-56600,14,3,2,1,44280,4920,4920,34440,1,1,1,1,4,0,2,1,1,0,0,0
432,360,326,451,2000,2000000,0,-42600,3,3,2,1,78100,15620,7810,54670,1,0,0,13,4,0,1,0,0,1,1,1
433,364,327,291,1000,0,0,-55300,8,1,2,2,5580,620,620,4340,2,0,2,0,3,1,1,1,4,0,1,1
434,390,332,48,500,0,0,-51000,1,1,0,2,48400,9680,4840,33880,0,0,3,3,4,2,1,0,0,1,0,0
435,415,335,108,2000,4000000,63900,-43700,23,1,1,3,61270,5570,11140,44560,2,0,2,6,4,2,0,2,3,0,0,0
436,308,352,156,1000,6000000,0,-53800,17,3,1,1,77440,14080,7040,56320,2,1,0,6,4,0,1,2,3,0,1,0
437,414,390,210,1000,0,0,0,4,1,1,2,7800,780,780,6240,2,1,0,1,4,3,1,1,2,1,0,0
438,475,401,146,2000,0,34500,-60600,16,3,1,1,55900,5590,5590,44720,2,0,5,7,2,0,2,2,4,0,0,0
439,269,402,195,2000,0,57800,-53300,14,3,2,3,68970,12540,6270,50160,0,0,0,6,5,0,0,2,1,1,1,0
440,261,405,156,2000,0,0,0,3,1,2,0,59000,5900,5900,47200,0,1,6,7,0,2,0,0,4,0,0,1
441,265,406,394,500,0,51500,0,9,1,1,0,6890,1060,1060,4770,1,0,2,2,3,3,1,3,4,0,0,0
442,275,407,243,500,0,0,-75700,10,3,0,1,37530,4170,4170,29190,2,0,0,6,3,0,0,0,0,0,0,0
443,279,409,32,500,6000000,0,0,15,3,2,1,70900,14180,7090,49630,0,0,1,7,3,0,2,1,4,1,1,0
444,348,420,15,1000,0,56700,0,21,3,1,0,67650,12300,6150,49200,0,1,3,12,1,0,2,2,3,1,0,0
445,460,435,271,500,0,0,0,16,1,2,2,76230,6930,13860,55440,1,0,2,12,2,2,1,1,3,0,0,1
446,477,437,380,1000,0,66000,0,10,1,0,1,58160,7270,7270,43620,0,1,4,4,2,2,2,2,4,0,1,1
447,301,445,107,2000,5000000,20000,-82700,21,3,1,2,93730,14420,21630,57680,0,1,0,5,3,0,2,2,4,1,0,0
448,304,446,286,500,0,54100,-77600,15,3,0,0,65800,13160,6580,46060,1,1,2,8,0,0,1,1,3,1,0,0
449,363,453,283,500,0,60700,-54300,13,3,0,2,42700,0,6100,36600,0,0,0,11,3,0,2,0,3,0,0,1
450,380,455,265,2000,6000000,81800,0,18,3,1,3,44200,4420,4420,35360,1,0,0,2,3,0,2,2,4,0,0,0
451,481,468,20,1000,0,0,-41200,14,1,0,0,62900,12580,6290,44030,1,0,5,8,2,2,1,1,1,0,0,0
452,306,474,111,500,2000000,0,0,1,1,1,1,52800,4800,9600,38400,1,0,6,4,3,2,2,0,1,0,1,1
453,309,475,165,2000,0,0,-39700,20,3,2,2,45700,4570,4570,36560,1,1,5,1,0,0,2,2,1,0,0,0
454,350,484,250,1000,0,47900,-73400,22,1,1,3,64900,12980,12980,38940,2,0,3,12,3,2,2,1,3,1,0,0
455,398,491,6,500,0,0,-47400,7,1,0,1,3190,580,290,2320,1,0,2,9,4,3,1,3,4,0,1,0
456,463,496,218,500,0,37900,-72900,14,3,2,0,84590,15380,7690,61520,0,1,3,9,5,0,2,2,4,0,0,0
457,512,502,194,1000,0,0,0,11,1,2,1,58800,11760,5880,41160,1,1,3,7,1,2,1,2,0,0,1,0
458,514,503,479,2000,0,0,0,18,1,0,0,60600,5050,10100,45450,0,0,1,7,0,2,1,2,0,0,0,0
459,561,512,272,2000,5000000,38600,-42800,23,1,0,0,84100,16820,8410,58870,1,1,4,10,5,2,0,1,1,0,0,1
460,582,515,130,1000,0,0,-38500,21,2,2,1,85020,13080,13080,58860,2,0,3,4,2,0,0,1,0,1,0,0
461,595,516,56,500,0,0,-28800,13,1,1,2,58500,0,6500,52000,0,1,3,4,3,2,1,0,4,1,1,0
462,606,517,110,1000,0,0,-66200,3,1,0,3,57500,5750,5750,46000,2,0,0,8,3,2,2,2,0,0,0,0
463,652,521,356,500,0,58500,-44000,23,3,2,1,68750,12500,12500,43750,2,1,1,9,5,0,0,0,3,0,0,1
464,697,522,145,2000,0,0,-35900,13,1,2,3,55110,5010,10020,40080,1,0,0,12,4,2,1,0,3,0,0,0
465,737,528,160,1000,0,61600,0,17,3,2,3,52800,5280,5280,42240,2,0,2,3,0,0,0,2,0,0,1,0
466,528,532,379,500,0,41400,0,14,1,0,1,75960,6330,6330,63300,0,0,0,6,1,2,0,2,0,0,0,0
467,583,544,242,2000,6000000,0,-57000,3,3,0,1,68090,12380,12380,43330,1,1,5,10,4,0,1,1,1,0,0,0
468,610,547,303,1000,0,0,0,3,3,1,0,54890,9980,4990,39920,0,1,5,6,0,0,1,1,1,0,0,0
469,679,556,148,500,0,57500,-93600,4,3,2,2,32480,4060,4060,24360,0,0,5,4,3,0,2,1,4,0,0,0
470,676,589,32,500,0,0,-45700,11,3,2,0,57970,10540,5270,42160,0,1,4,0,3,0,0,1,0,1,0,0
471,567,602,371,2000,0,34700,-81000,18,3,1,2,32280,5380,5380,21520,0,1,2,2,5,0,0,0,0,0,0,1
472,594,606,160,500,0,0,-43800,13,3,2,1,66780,7420,14840,44520,1,1,2,11,5,0,2,0,1,0,1,0
473,703,615,270,1000,0,62200,0,17,3,1,1,60190,4630,9260,46300,1,1,2,11,4,0,1,2,0,0,0,1
474,733,620,149,500,0,0,-60000,3,1,0,1,105040,16160,16160,72720,1,0,6,2,5,2,1,2,1,0,0,0
475,575,630,182,1000,0,50000,-56900,13,1,0,2,71100,7110,14220,49770,0,1,6,7,0,2,0,2,3,1,0,0
476,585,632,180,1000,0,0,-55800,17,1,1,3,5100,1020,510,3570,2,1,4,6,5,3,1,1,2,0,0,0
477,636,639,106,2000,0,0,0,8,1,2,1,5490,0,1220,4270,0,1,2,2,3,3,1,1,4,1,1,0
478,641,641,362,1000,0,44400,-71500,0,3,0,3,39690,0,0,39690,0,0,3,7,4,0,1,2,4,0,0,0
479,686,649,190,500,5000000,0,0,4,1,0,1,3840,640,320,2880,1,0,2,12,0,1,1,3,2,0,0,0
480,695,650,289,2000,0,46700,-72500,9,1,2,1,2700,300,300,2100,1,0,5,4,5,3,1,3,4,0,0,0
481,735,654,293,1000,0,51500,0,13,3,1,1,51210,11380,5690,34140,0,0,4,3,4,0,0,2,1,0,0,0
482,501,657,26,1000,0,0,-53700,0,1,0,2,49800,9960,4980,34860,1,1,5,12,0,2,2,0,4,0,0,0
483,648,674,112,1000,0,57800,-53700,4,1,0,2,5060,460,920,3680,2,1,0,7,2,1,1,3,2,0,0,0
484,749,690,204,2000,0,0,-45100,5,1,0,1,90530,16460,16460,57610,0,0,4,12,5,2,2,2,0,0,0,0
485,605,697,246,1000,0,0,0,6,1,1,0,61740,6860,6860,48020,0,1,2,6,1,2,1,1,3,0,0,0
486,710,713,234,500,0,0,0,3,1,1,0,70200,7020,7020,56160,2,1,0,7,2,2,2,0,0,0,0,1
487,720,716,437,2000,0,66100,-31400,23,1,0,0,55800,11160,11160,33480,2,1,0,2,3,2,0,2,0,1,0,0
488,503,719,289,500,8000000,0,-42700,1,1,1,0,42900,8580,0,34320,2,0,6,5,3,2,0,2,3,0,0,0
489,538,723,478,1000,0,47600,0,5,1,1,3,4700,940,470,3290,1,1,2,0,3,1,1,1,2,1,0,1
490,563,729,251,2000,0,0,-31700,10,1,0,0,44240,5530,5530,33180,2,0,0,7,1,2,1,1,4,1,0,0
491,688,742,290,1000,0,0,-61400,20,3,1,3,56160,6240,12480,37440,1,1,2,3,2,0,2,1,0,1,1,0
492,693,743,134,1000,0,14100,-44500,17,3,2,0,77200,9650,9650,57900,1,1,6,6,0,0,2,1,0,0,1,0
493,727,748,39,500,0,0,0,14,1,0,1,86130,15660,7830,62640,2,1,3,4,1,2,1,0,4,1,1,1
494,783,751,122,500,0,0,-48700,1,1,0,1,5060,460,920,3680,1,1,6,7,0,1,1,3,2,0,0,0
495,794,754,320,2000,7000000,46300,-41700,13,3,2,0,56160,4680,9360,42120,1,1,1,13,1,0,0,1,1,0,0,0
496,825,758,293,2000,0,34900,0,19,1,1,1,57310,5210,10420,41680,0,0,3,13,0,2,0,2,4,0,0,0
497,972,781,232,2000,0,25800,0,22,1,1,1,55400,5540,11080,38780,1,1,1,7,5,2,1,0,1,0,1,1
498,976,783,143,1000,0,38400,-5700,17,3,2,2,70400,14080,7040,49280,2,0,0,2,4,0,2,0,1,0,0,0
499,980,784,245,1000,0,39300,0,12,1,0,2,82170,7470,7470,67230,2,1,6,5,4,2,1,1,0,1,1,0
500,986,785,232,500,0,0,-58400,11,1,2,3,77000,15400,7700,53900,0,1,1,5,1,2,1,1,3,1,0,1
501,759,790,155,1000,0,83600,0,0,1,0,3,48360,8060,8060,32240,1,0,0,10,1,2,0,1,0,0,0,0
502,790,795,225,500,0,83900,-52100,6,1,2,1,5830,1060,530,4240,1,1,5,12,2,1,1,3,2,1,1,0
503,868,804,242,2000,6000000,0,-61600,15,3,1,2,66900,6690,13380,46830,2,0,1,8,2,0,0,1,3,0,1,1
504,893,805,41,500,0,0,0,8,1,0,0,8970,1380,1380,6210,1,1,2,13,0,3,1,1,2,1,0,0
505,907,809,425,2000,0,42900,-39100,17,3,1,2,97080,16180,16180,64720,1,0,2,8,0,0,0,1,1,0,0,0
506,919,810,188,1000,0,0,-68800,8,3,1,0,76010,13820,6910,55280,1,1,2,10,3,0,1,1,4,1,0,1
507,949,813,407,1000,5000000,0,-57700,0,3,2,3,68160,11360,11360,45440,0,0,6,12,5,0,2,2,4,0,1,0
508,995,820,3,1000,0,0,0,20,1,0,1,87200,17440,8720,61040,2,0,5,2,4,2,0,1,1,1,0,0
509,793,830,124,1000,0,29300,0,23,1,0,1,57700,5770,5770,46160,0,0,5,4,5,2,2,2,0,1,0,0
510,799,862,34,2000,0,0,-27700,20,1,0,1,3960,660,660,2640,2,0,4,1,3,1,1,3,2,1,0,0
511,880,874,121,500,0,0,0,11,1,1,1,67300,6730,6730,53840,2,1,4,8,5,2,0,0,1,0,0,1
512,903,876,142,500,0,66400,-63700,22,1,2,3,67320,11220,11220,44880,2,1,6,1,5,2,2,1,3,1,0,0
513,938,881,147,500,6000000,51900,0,4,1,0,0,68240,8530,0,59710,1,0,6,9,3,2,0,0,3,0,0,1
514,447,461,352,500,0,0,0,23,1,2,2,68750,12500,6250,50000,1,1,0,12,5,2,0,1,1,1,0,0
515,449,462,239,500,0,0,0,0,4,0,3,76890,6990,13980,55920,0,0,5,7,0,0,1,0,0,0,0,0
516,499,469,304,1000,0,0,0,2,1,1,1,73370,13340,6670,53360,0,0,6,2,3,2,2,1,3,1,1,0
517,337,481,159,1000,0,0,-53700,13,1,2,0,70290,7810,7810,54670,2,1,0,12,5,2,1,2,4,1,0,0
518,356,485,229,2000,0,65600,0,14,3,1,1,68760,11460,5730,51570,1,0,4,2,1,0,2,0,3,1,1,0
519,386,487,236,1000,0,0,-62500,16,1,0,1,66840,16710,5570,44560,1,0,1,7,1,2,2,0,0,0,0,0
520,549,509,101,500,0,30000,-53000,0,3,2,1,67210,12220,12220,42770,1,1,6,1,3,0,1,1,0,0,0,0
521,573,513,402,2000,0,48000,-79600,19,1,0,2,67770,7530,15060,45180,1,1,3,4,1,2,1,0,3,0,1,1
522,589,545,75,1000,0,0,0,23,2,2,3,65100,6510,6510,52080,2,0,0,8,0,0,2,2,3,0,1,0
523,645,551,249,2000,0,0,-71200,4,3,2,1,57100,5710,5710,45680,0,0,4,0,1,0,1,2,1,1,1,0
524,716,562,99,500,0,0,0,3,1,2,2,49900,4990,9980,34930,0,1,4,9,5,2,0,2,3,0,1,0
525,558,572,210,500,0,0,-19500,11,3,2,1,24570,2730,2730,19110,0,0,1,3,1,0,2,2,1,0,0,1
526,588,576,472,500,0,0,0,13,1,2,3,70900,14180,7090,49630,1,1,5,7,1,2,0,0,1,0,0,0
527,613,579,75,1000,0,57900,-90100,23,3,0,2,79560,6630,13260,59670,1,1,2,5,1,0,0,1,4,0,1,0
528,647,583,235,500,0,0,0,11,1,1,2,68300,6830,13660,47810,2,1,1,2,0,2,2,1,0,0,0,0
529,675,588,4,500,5000000,0,-77800,4,1,0,2,4200,840,420,2940,1,1,2,12,2,3,1,3,4,0,0,0
530,698,591,164,500,0,44500,-55900,5,1,1,0,4320,480,480,3360,2,0,0,7,0,3,1,3,4,1,0,0
531,744,594,373,500,0,0,0,21,4,0,2,60600,6060,12120,42420,1,1,4,11,3,0,1,0,3,0,0,1
532,513,623,184,1000,0,0,0,6,3,0,2,53730,11940,5970,35820,1,0,1,13,1,0,2,1,0,0,0,1
533,533,625,339,2000,0,98800,-65300,13,1,0,3,6820,1240,620,4960,2,1,3,0,1,3,1,1,2,0,0,0
534,556,627,185,2000,0,0,0,8,1,2,3,4950,900,450,3600,2,1,1,7,3,3,1,3,4,0,1,0
535,564,629,180,2000,0,58100,-49000,12,4,2,3,57700,11540,5770,40390,2,0,3,10,3,0,1,1,0,0,1,0
536,602,634,16,1000,0,59300,-31400,0,1,2,1,55000,10000,10000,35000,1,1,3,11,3,2,1,2,3,0,0,1
537,617,635,103,500,0,66300,0,14,2,2,2,40600,4060,4060,32480,0,1,4,12,0,0,0,1,4,0,0,0
538,603,672,70,1000,4000000,46000,0,19,1,2,3,4400,0,550,3850,1,0,5,0,3,3,1,3,4,0,0,0
539,687,681,194,500,0,52500,-51300,17,3,0,2,95900,13700,20550,61650,1,1,3,13,1,0,1,1,4,0,0,0
540,592,696,253,1000,0,36600,0,17,1,2,0,56610,6290,6290,44030,0,0,1,6,1,2,1,2,4,0,0,0
541,611,698,137,500,0,55600,-59700,4,3,2,1,74030,6730,13460,53840,1,1,4,3,4,0,0,1,3,0,0,0
542,681,710,32,2000,5000000,0,0,22,1,0,0,2640,440,440,1760,1,1,0,1,4,1,1,3,4,1,0,0
543,713,714,58,2000,5000000,57500,0,8,1,2,1,50380,4580,9160,36640,2,1,2,13,3,2,1,0,1,0,0,1
544,545,727,131,1000,0,65700,0,5,1,1,3,76400,15280,7640,53480,1,0,0,11,3,2,0,0,1,0,0,0
545,600,731,64,2000,0,0,-61400,4,1,1,2,43700,4370,4370,34960,1,1,2,3,2,2,2,1,0,0,0,1
546,846,760,285,500,0,63100,-79400,13,1,0,3,52700,5270,10540,36890,0,1,0,8,1,2,2,2,1,0,0,0
547,925,773,277,2000,0,0,-65500,4,1,2,3,3870,430,860,2580,1,0,0,0,0,3,1,1,4,0,0,0
548,939,775,279,2000,6000000,61100,-30700,21,3,1,0,61050,11100,11100,38850,1,0,4,7,4,0,1,0,3,0,0,1
549,966,780,65,2000,5000000,0,0,21,3,0,0,62900,6290,12580,44030,1,0,4,11,3,0,1,1,3,1,0,0
550,987,786,235,2000,4000000,0,0,10,1,0,3,60320,9280,9280,41760,2,1,3,2,2,2,2,0,3,0,0,1
551,942,812,108,2000,6000000,52800,-54300,5,1,1,3,4290,780,780,2730,1,0,6,7,3,1,1,1,2,0,0,0
552,990,818,286,500,3000000,77500,-32800,18,1,2,2,34290,3810,3810,26670,0,0,4,9,4,2,1,1,1,0,1,0
553,762,825,264,500,6000000,0,0,0,3,2,1,60750,13500,6750,40500,0,1,6,2,5,0,1,0,3,0,0,1
554,864,836,398,2000,0,21500,0,16,1,2,1,47430,5270,5270,36890,0,0,0,8,4,2,0,2,1,1,0,0
555,869,838,80,500,0,0,-51000,16,3,1,3,40810,3710,7420,29680,2,1,3,4,0,0,1,0,4,1,0,1
556,886,841,141,1000,0,78800,0,13,1,1,0,61740,6860,6860,48020,1,0,2,2,2,2,0,2,1,0,1,0
557,933,848,36,1000,0,0,-59800,20,3,1,3,48780,5420,10840,32520,2,0,5,6,0,0,2,1,0,1,0,0
558,943,850,421,2000,0,69900,0,22,3,0,0,78500,15700,7850,54950,1,0,0,1,3,0,0,1,4,1,0,0
559,837,866,9,2000,0,51700,-33300,6,1,0,3,5940,540,1080,4320,0,0,6,6,2,3,1,3,2,0,1,1
560,906,877,225,1000,0,0,-20900,16,3,2,0,64400,6440,6440,51520,0,1,3,8,3,0,1,0,4,0,1,0
561,937,880,458,1000,0,31400,0,23,1,2,2,71800,14360,14360,43080,0,0,2,10,5,2,0,2,4,0,1,0
562,798,891,46,2000,4000000,46800,0,7,1,2,0,56600,11320,5660,39620,1,0,2,1,4,2,2,0,1,0,0,0
563,802,892,200,1000,3000000,0,0,10,1,2,2,56000,5600,5600,44800,1,0,1,9,2,2,0,2,4,0,0,0
564,808,894,135,2000,0,0,-69600,7,1,1,2,78200,15640,7820,54740,1,0,3,10,2,2,2,2,1,0,0,0
565,829,896,97,1000,0,0,-72100,10,3,2,3,84920,7720,15440,61760,1,1,5,10,4,0,2,2,3,1,0,1
566,834,897,132,2000,0,43100,-31900,21,1,1,1,5600,1120,560,3920,1,1,6,7,5,3,1,1,4,1,1,0
567,835,898,370,2000,7000000,0,-53200,6,1,0,2,9000,900,1800,6300,2,1,3,7,5,3,1,1,2,0,0,0
568,973,911,230,1000,0,0,-51500,15,1,2,3,49100,9820,4910,34370,2,1,6,12,3,2,1,0,0,1,0,1
569,758,914,436,500,0,67600,-65300,16,1,0,2,82060,14920,7460,59680,1,1,2,9,5,2,0,1,0,0,0,0
570,777,916,239,500,0,0,0,20,3,0,0,69740,6340,6340,57060,0,0,3,11,3,0,1,2,4,0,1,0
571,840,927,253,2000,0,45800,0,9,1,0,3,5400,600,600,4200,0,0,2,4,3,1,1,3,2,0,0,0
572,895,932,156,500,0,26500,0,23,3,0,3,55200,11040,5520,38640,0,1,2,1,3,0,0,0,1,0,0,1
573,954,934,246,1000,0,0,-36600,16,1,0,3,45180,5020,5020,35140,1,0,3,2,2,2,1,1,0,1,0,0
574,953,962,229,2000,0,42600,-44400,3,1,1,0,4620,420,840,3360,1,1,2,10,1,3,1,1,2,0,1,0
575,974,964,234,500,0,59400,-78600,3,3,2,1,98280,15120,7560,75600,0,0,3,13,5,0,2,0,4,0,0,1
576,978,965,89,1000,0,27600,0,11,1,2,3,84590,15380,15380,53830,1,0,2,2,4,2,0,2,3,0,1,0
577,983,966,17,1000,0,32500,-80800,9,1,2,1,3440,430,430,2580,1,0,3,0,4,1,1,3,4,0,0,0
578,753,969,435,2000,0,0,-40000,19,3,1,1,41490,9220,4610,27660,0,1,3,11,1,0,1,2,3,0,1,0
579,989,887,22,1000,0,37500,-54000,3,3,1,2,53280,5920,0,47360,1,0,2,3,0,0,1,2,4,1,0,0
580,997,912,130,500,3000000,35100,0,4,3,2,3,67500,7500,7500,52500,1,0,5,1,2,0,2,1,4,0,1,0
581,780,917,476,1000,0,42800,-68200,10,1,1,2,49390,8980,4490,35920,1,0,5,5,1,2,0,2,1,0,1,0
582,818,924,286,1000,0,25800,0,3,1,2,0,4100,820,410,2870,1,1,1,9,5,3,1,3,4,1,0,0
583,850,928,13,1000,0,0,-75000,19,3,2,0,94930,8630,8630,77670,0,1,0,9,1,0,2,2,4,1,1,0
584,894,931,45,500,0,0,0,6,1,1,3,6000,1000,1000,4000,0,1,4,8,1,1,1,1,2,0,0,0
585,963,936,104,500,0,0,-70100,8,1,0,0,4800,960,480,3360,0,0,4,10,2,3,1,1,4,0,1,0
586,784,940,335,2000,0,59900,-34800,21,3,0,0,35860,3260,6520,26080,2,0,4,6,5,0,0,2,4,0,1,1
587,827,944,76,1000,0,0,0,6,3,1,1,74700,14940,7470,52290,1,0,4,8,0,0,2,2,0,0,0,0
588,888,954,381,500,0,35900,0,8,1,1,2,60600,12120,6060,42420,2,0,4,7,5,2,1,0,1,1,1,0
589,914,958,140,2000,0,0,-67000,2,4,0,2,72800,14560,14560,43680,2,0,3,13,3,0,0,0,1,1,1,0
590,996,967,285,1000,0,70900,0,23,1,2,3,108480,18080,18080,72320,0,0,6,9,5,2,1,0,1,1,0,0
591,771,972,209,500,0,67800,0,22,1,1,1,37800,8400,4200,25200,0,1,6,13,0,2,2,1,1,0,0,0
592,772,973,210,500,0,38700,-33100,8,1,1,3,63300,6330,6330,50640,2,0,4,12,3,2,0,2,0,0,1,0
593,863,981,91,1000,0,52700,0,15,3,0,2,74200,7420,7420,59360,1,0,0,1,2,0,0,1,3,0,0,0
594,874,983,228,500,0,35200,0,10,1,1,0,59490,6610,6610,46270,2,0,3,11,0,2,2,1,3,1,1,0
595,928,989,84,2000,0,0,-15900,9,1,1,3,4620,420,840,3360,2,1,0,8,2,3,1,3,4,1,0,0
596,993,999,124,1000,0,0,-32100,20,3,0,1,60200,6020,6020,48160,1,1,4,3,0,0,2,2,3,0,0,0
597,769,971,169,1000,0,70600,-48500,4,3,2,1,57900,17370,5790,34740,0,1,3,1,2,0,2,2,4,0,1,0
598,851,980,282,500,0,75800,0,19,1,1,2,46800,4680,9360,32760,1,1,4,4,1,2,2,0,0,0,0,1
599,338,449,120,500,0,39600,-64300,20,1,1,1,87100,8710,8710,69680,1,0,0,8,0,2,0,1,3,0,1,0
600,359,451,292,500,0,0,0,12,1,1,0,61700,6170,6170,49360,2,1,6,8,4,2,2,2,3,0,1,0
601,384,458,254,2000,0,0,0,16,1,2,2,100210,18220,18220,63770,1,0,5,10,3,2,0,1,4,0,1,0
602,349,483,230,1000,7000000,68600,-22300,0,1,1,3,74200,14840,14840,44520,0,0,4,2,4,2,0,0,1,0,0,1
603,476,497,67,1000,0,60400,-67800,16,1,0,3,63800,6380,6380,51040,1,1,2,0,0,2,1,0,3,0,1,1
604,486,499,128,1000,0,0,-76000,2,1,0,0,59070,5370,5370,48330,2,1,2,7,0,2,1,2,1,0,0,0
605,508,501,83,1000,0,0,0,0,3,0,1,61600,6160,12320,43120,2,0,2,6,4,0,0,2,1,0,0,0
606,646,520,169,500,0,50700,-57600,0,3,2,3,77440,14080,7040,56320,1,1,2,3,4,0,0,2,0,0,0,0
607,741,529,100,500,6000000,67300,0,4,1,1,2,40800,6800,6800,27200,1,1,1,0,1,2,1,1,3,0,0,0
608,747,530,37,500,0,0,0,21,3,1,1,76450,6950,13900,55600,2,0,4,11,3,0,2,2,1,0,1,0
609,637,550,292,1000,0,0,0,4,1,0,2,7370,670,1340,5360,2,1,5,2,4,3,1,3,4,0,0,0
610,717,563,38,500,4000000,78000,0,4,3,0,3,74880,12480,12480,49920,2,1,5,8,2,0,2,1,0,0,1,0
611,746,566,255,500,0,38200,0,17,3,0,3,29300,2930,5860,20510,1,0,6,1,1,0,2,2,1,1,0,0
612,560,573,294,500,0,22700,0,23,3,1,1,42900,3900,3900,35100,2,1,5,4,3,0,2,2,4,1,1,0
613,748,595,322,1000,0,49900,-62700,20,3,0,3,49400,9880,4940,34580,0,0,1,6,0,0,2,0,1,1,0,0
614,534,599,259,2000,0,65000,-49200,17,3,1,2,62590,5690,11380,45520,0,0,6,1,5,0,1,2,1,0,1,0
615,729,619,243,1000,0,17300,-60400,1,1,1,0,50300,10060,5030,35210,0,0,1,4,3,2,0,0,1,0,1,1
616,627,636,228,500,0,43700,0,20,1,0,2,6050,1100,1100,3850,0,1,0,3,0,1,1,3,4,0,0,0
617,632,637,287,1000,0,0,-54600,19,1,0,2,53800,5380,5380,43040,2,1,5,13,1,2,0,1,1,0,0,0
618,639,640,290,500,5000000,45300,0,20,2,1,1,41520,5190,5190,31140,1,1,0,0,1,0,2,1,1,0,0,0
619,654,643,2,1000,4000000,0,-54700,22,1,1,3,48360,4030,8060,36270,2,0,2,2,2,2,2,1,3,0,1,0
620,680,647,222,2000,0,0,-64500,20,1,2,2,60480,6720,6720,47040,0,1,4,6,1,2,0,2,4,0,1,0
621,682,648,78,500,0,0,-66500,4,1,0,3,6050,550,1100,4400,2,1,3,7,2,1,1,3,4,0,0,0
622,539,661,230,2000,0,45400,-39400,19,1,0,2,74140,13480,13480,47180,1,0,1,9,2,2,0,2,1,0,1,0
623,569,665,165,500,6000000,0,-49900,8,1,1,3,69700,6970,6970,55760,1,1,1,2,3,2,0,2,3,0,1,0
624,643,673,183,500,0,20200,0,17,1,0,1,51920,9440,4720,37760,1,0,5,9,1,2,2,0,4,0,1,1
625,667,677,204,2000,0,0,-49300,7,1,1,1,46200,4200,8400,33600,1,1,3,6,0,2,1,2,0,1,0,0
626,684,679,313,1000,0,63900,-53300,20,1,1,3,40260,3660,7320,29280,1,1,1,9,5,2,0,0,0,1,0,1
627,685,680,334,500,0,26700,-47200,7,1,2,0,50000,5000,10000,35000,2,1,5,8,5,2,1,0,1,0,0,0
628,707,686,152,1000,0,0,0,2,1,0,2,82610,7510,7510,67590,0,0,2,4,0,2,1,1,0,1,0,1
629,633,705,142,2000,0,0,-48500,10,1,1,2,54360,4530,9060,40770,0,0,4,2,0,2,1,0,4,1,0,1
630,719,715,241,1000,0,0,-36000,21,1,1,0,7150,1300,650,5200,1,1,0,9,3,3,1,3,4,0,1,0
631,731,718,219,1000,0,51300,0,1,1,2,2,66660,6060,6060,54540,0,0,2,13,2,2,2,0,0,0,1,0
632,521,722,5,2000,0,31500,0,22,1,1,3,88110,16020,16020,56070,1,0,6,4,1,2,1,2,0,1,0,0
633,572,730,103,2000,0,69500,-47700,1,3,2,3,79090,14380,14380,50330,2,0,5,7,5,0,2,0,0,0,0,0
634,881,766,398,2000,0,66200,-49700,18,1,1,3,36740,3340,6680,26720,1,1,4,4,5,2,1,0,1,0,1,1
635,959,777,137,500,0,0,-45300,21,1,0,0,3300,600,600,2100,2,0,2,10,0,3,1,1,4,0,1,0
636,964,779,163,1000,4000000,0,-36400,7,1,2,1,3900,390,780,2730,2,0,2,2,3,3,1,1,4,0,1,1
637,778,792,161,2000,0,60200,0,0,3,2,2,60480,5040,15120,40320,0,1,6,8,1,0,0,2,4,1,1,0
638,905,808,121,1000,0,51300,0,15,3,1,2,64300,6430,6430,51440,0,1,0,0,2,0,2,0,1,0,0,1
639,922,811,55,500,8000000,0,0,9,1,0,3,3080,560,560,1960,2,1,4,8,5,3,1,1,4,0,0,0
640,968,815,372,2000,0,0,0,18,3,2,2,51800,5180,10360,36260,2,0,4,12,2,0,2,0,4,0,1,0
641,977,817,266,500,4000000,0,-49600,18,3,1,1,53280,4440,8880,39960,0,1,0,0,2,0,2,0,0,0,0,1
642,991,819,257,1000,0,59400,-32200,21,1,0,1,46980,0,5220,41760,0,1,4,7,2,2,1,2,3,0,0,0
643,998,821,458,2000,5000000,0,0,2,1,0,1,46980,5220,5220,36540,2,1,0,5,5,2,1,0,3,0,1,0
644,814,832,57,2000,0,63100,-54100,0,3,0,1,72900,14580,14580,43740,2,0,5,12,3,0,0,2,0,0,1,0
645,831,833,77,2000,0,49700,0,12,3,2,0,69080,12560,6280,50240,1,1,3,3,2,0,1,0,4,1,0,1
646,857,835,260,2000,0,35000,0,7,1,0,1,64080,10680,10680,42720,0,1,4,8,0,2,0,1,1,0,0,0
647,865,837,218,500,0,61100,-64500,18,1,1,3,68200,13640,6820,47740,1,0,0,8,2,2,1,0,1,0,1,1
648,872,839,290,1000,0,38500,0,23,3,0,0,52650,5850,5850,40950,0,0,0,6,5,0,2,0,0,1,1,1
649,955,853,190,500,0,61900,-50000,14,1,0,0,45100,9020,4510,31570,1,1,3,2,4,2,2,2,3,1,0,0
650,854,870,30,500,0,0,-63500,17,3,2,2,57900,5790,5790,46320,2,0,1,6,5,0,2,2,4,0,0,0
651,754,889,54,500,0,68500,-42100,21,3,2,0,79090,14380,7190,57520,0,0,4,10,4,0,2,1,1,1,0,0
652,801,919,140,500,0,43200,0,10,3,2,0,79500,7950,7950,63600,1,0,3,1,1,0,1,1,3,0,1,0
653,890,930,145,1000,0,0,0,18,1,2,0,52250,9500,4750,38000,0,0,3,8,2,2,2,2,0,1,0,0
654,833,945,126,500,0,0,0,3,4,0,1,67800,11300,11300,45200,1,0,3,6,2,0,1,2,4,0,0,0
655,845,948,147,2000,0,0,0,11,3,0,1,56160,6240,6240,43680,2,0,5,1,3,0,2,0,0,0,0,1
656,867,951,212,1000,0,60300,-58900,22,2,0,3,59300,11860,5930,41510,0,0,3,10,1,0,1,2,0,0,1,0
657,950,961,101,500,6000000,30800,-43700,9,1,1,0,5170,940,470,3760,2,0,1,13,4,1,1,1,2,0,0,0
658,931,990,123,2000,0,16100,-61200,13,3,1,1,55260,6140,0,49120,2,0,1,11,0,0,2,2,1,0,0,0
659,985,997,29,1000,0,0,-21500,22,1,0,2,76900,7690,7690,61520,0,1,2,7,5,2,2,0,3,0,0,0
660,369,454,309,500,0,69400,0,15,4,0,1,77800,15560,15560,46680,2,1,6,3,2,0,1,0,3,1,0,0
661,393,488,406,2000,0,0,-42700,15,3,1,2,65520,10920,5460,49140,1,1,4,3,3,0,0,2,3,0,0,0
662,483,498,222,1000,0,49600,-49200,17,2,2,0,81500,16300,8150,57050,0,1,3,1,4,0,1,1,3,1,0,0
663,523,506,85,1000,0,72400,-77000,9,3,2,1,58960,5360,10720,42880,0,0,4,2,3,0,1,2,1,1,1,0
664,531,534,342,1000,0,0,0,12,1,0,0,80960,14720,7360,58880,0,0,1,9,1,2,0,0,0,0,0,0
665,552,538,360,1000,0,0,-32900,5,1,2,2,4620,840,840,2940,2,1,5,5,1,3,1,1,4,1,0,1
666,574,542,102,500,3000000,0,0,11,1,1,0,47400,9480,4740,33180,0,1,3,12,5,2,2,2,3,0,0,1
667,578,543,415,1000,0,50400,0,15,2,1,3,51090,7860,7860,35370,1,1,6,6,1,0,1,2,4,1,1,0
668,612,548,56,500,0,0,0,13,1,1,2,61490,11180,11180,39130,1,0,0,0,1,2,1,2,3,0,1,0
669,678,555,276,500,0,44500,-61400,11,3,0,2,69300,13860,6930,48510,2,0,2,6,5,0,0,1,1,0,0,0
670,505,568,334,1000,6000000,0,0,2,1,2,1,57330,12740,6370,38220,0,1,4,11,2,2,1,1,4,0,0,0
671,570,574,158,1000,3000000,0,0,4,3,0,1,36400,3640,7280,25480,0,1,3,9,4,0,1,2,0,0,0,0
672,604,577,75,1000,0,0,0,15,2,0,1,71640,5970,11940,53730,0,1,3,1,2,0,2,1,4,0,1,0
673,624,581,127,500,0,58200,0,10,1,1,0,6160,560,1120,4480,2,1,0,11,1,1,1,1,2,1,0,0
674,650,584,128,500,0,0,-28300,2,3,0,2,69930,0,15540,54390,0,0,2,13,2,0,2,0,0,0,0,1
675,664,586,316,500,7000000,0,-51000,13,1,0,1,63100,6310,12620,44170,0,0,5,9,5,2,2,1,0,0,1,0
676,653,612,109,2000,6000000,0,0,17,3,1,3,91080,16560,16560,57960,0,0,2,0,0,0,2,1,4,0,1,0
677,665,645,435,500,5000000,73500,-43300,23,1,2,1,62880,5240,10480,47160,2,1,0,8,2,2,0,2,0,0,0,1
678,708,651,46,2000,0,43700,-66300,23,3,1,3,78600,13100,19650,45850,0,0,4,8,0,0,1,2,0,0,0,1
679,730,653,116,500,0,28600,0,23,1,0,0,44200,4420,8840,30940,1,0,4,9,0,2,2,0,4,0,0,0
680,738,655,224,500,0,0,-51400,11,1,0,0,55200,9200,13800,32200,2,0,1,9,3,2,0,1,1,0,1,0
681,568,664,292,1000,0,0,-53800,15,3,1,1,84600,16920,8460,59220,1,1,3,6,2,0,1,2,3,1,0,0
682,597,670,3,500,5000000,0,0,3,1,2,1,5000,500,1000,3500,0,0,3,8,4,1,1,3,4,0,0,1
683,670,678,209,2000,0,0,0,17,3,1,3,65440,8180,8180,49080,0,0,4,2,5,0,1,2,0,0,0,0
684,615,699,153,500,0,45600,-61400,0,3,1,0,77770,14140,14140,49490,1,1,2,12,2,0,2,2,3,0,0,0
685,616,700,255,500,0,75800,0,14,2,2,2,74700,7470,14940,52290,2,0,3,13,4,0,2,0,1,0,0,1
686,622,701,27,1000,0,0,0,4,1,2,0,3200,400,400,2400,2,1,4,10,5,1,1,3,4,0,0,0
687,672,709,61,2000,0,0,0,1,3,1,0,32320,4040,4040,24240,0,0,5,7,1,0,1,1,0,1,0,0
688,722,717,269,2000,0,0,-46400,21,1,2,1,85900,17180,17180,51540,0,0,0,5,4,2,2,0,0,1,0,1
689,541,725,239,1000,7000000,51400,-6300,22,1,0,2,10790,1660,830,8300,1,0,3,4,2,1,1,3,4,0,1,0
690,660,739,446,2000,0,42700,-64900,10,3,0,0,62800,6280,12560,43960,0,1,1,0,4,0,0,2,4,0,0,0
691,819,757,356,2000,0,0,0,5,1,0,3,61490,5590,11180,44720,1,1,2,9,0,2,2,1,3,1,0,0
692,828,759,105,500,0,0,0,12,3,2,2,60500,12100,6050,42350,1,0,0,9,3,0,1,0,1,0,0,0
693,896,767,246,500,0,0,0,13,1,0,3,7260,660,1320,5280,1,1,0,3,3,1,1,3,2,0,1,0
694,901,768,5,500,5000000,0,0,23,1,0,0,40500,4050,4050,32400,1,0,2,3,3,2,2,2,4,1,0,0
695,908,769,285,2000,0,52600,0,3,1,1,0,5500,500,500,4500,1,1,4,8,1,3,1,1,4,1,0,0
696,911,771,98,2000,0,0,-30900,13,2,0,1,65430,14540,7270,43620,2,1,3,3,2,0,0,2,4,0,1,0
697,927,774,156,500,0,0,0,15,1,1,3,74690,6790,13580,54320,1,1,5,9,4,2,0,0,3,1,1,1
698,956,776,95,2000,0,67800,-48600,21,3,0,3,83160,15120,15120,52920,2,1,5,6,1,0,2,2,4,1,1,0
699,962,778,150,1000,0,30400,-89400,9,1,0,2,80080,12320,12320,55440,2,0,6,13,4,2,1,2,4,0,0,0
700,752,788,405,500,0,57100,0,2,4,0,2,38640,4830,4830,28980,1,1,6,6,4,0,1,1,1,1,0,0
701,756,789,92,500,0,58900,-29100,22,1,2,3,53400,5340,5340,42720,2,1,5,9,0,2,1,2,0,0,1,0
702,785,793,257,2000,0,46100,-46900,3,3,2,1,50050,7700,3850,38500,0,1,0,6,0,0,0,0,0,1,0,1
703,858,803,233,1000,0,0,0,17,3,2,3,42500,8500,4250,29750,1,0,1,12,2,0,2,1,3,0,1,0
704,770,827,255,500,0,0,-52600,2,3,1,0,57860,5260,10520,42080,1,0,3,9,3,0,0,1,1,0,0,0
705,883,840,115,1000,0,0,0,18,3,0,3,34160,0,4270,29890,2,0,0,3,1,0,2,0,0,1,0,1
706,918,843,180,500,0,0,0,7,3,2,1,69630,12660,6330,50640,0,1,1,9,5,0,0,1,0,1,0,0
707,924,845,135,2000,0,37100,-46500,18,3,0,1,32670,5940,2970,23760,2,0,4,4,5,0,1,1,0,0,0,0
708,781,861,70,1000,0,62400,-52300,12,1,0,3,69360,11560,11560,46240,0,0,4,1,2,2,0,1,0,0,0,0
709,803,864,123,500,0,64800,-44200,17,1,1,0,73260,16280,0,56980,1,0,5,6,1,2,1,1,0,1,1,1
710,878,873,144,2000,0,73700,0,17,3,1,3,54400,5440,10880,38080,1,0,6,5,1,0,1,0,1,1,0,1
711,900,875,1,2000,0,61200,0,23,1,0,3,69400,6940,6940,55520,1,1,0,11,0,2,2,2,3,1,0,0
712,920,878,214,1000,0,57700,-43500,17,1,1,0,44220,8040,4020,32160,0,1,3,13,1,2,1,2,3,0,1,0
713,932,879,243,500,0,33200,0,4,3,2,1,51400,5140,10280,35980,1,1,3,2,2,0,2,1,3,0,1,0
714,958,884,41,1000,0,35400,0,13,3,1,3,48000,9600,4800,33600,0,1,5,8,5,0,0,0,1,0,0,0
715,805,893,290,500,0,32500,0,10,1,0,1,48000,4800,9600,33600,2,1,5,6,3,2,1,1,0,0,0,0
716,811,895,114,1000,0,0,-34700,3,1,0,3,4680,520,520,3640,1,0,5,10,0,3,1,1,2,0,1,0
717,897,904,178,500,0,0,0,3,3,2,0,64680,11760,11760,41160,0,0,3,3,3,0,0,1,4,0,0,0
718,757,913,173,1000,0,51000,0,22,1,2,3,52030,9460,9460,33110,1,1,1,6,4,2,1,2,1,1,0,0
719,810,921,259,2000,0,0,-58300,3,3,0,2,57060,6340,6340,44380,2,0,6,5,3,0,2,2,3,0,1,0
720,960,935,194,500,0,67800,0,11,3,1,2,57200,11440,5720,40040,0,0,3,10,0,0,1,1,0,0,1,0
721,981,937,50,2000,0,0,-65800,15,3,1,2,61100,6110,12220,42770,1,1,1,5,4,0,0,2,4,0,0,0
722,796,941,421,500,4000000,49500,-81100,7,1,2,3,92730,16860,8430,67440,0,1,5,6,3,2,1,0,0,0,0,1
723,877,952,405,1000,4000000,46300,0,21,3,2,3,61440,10240,10240,40960,2,1,4,8,2,0,0,2,3,0,0,0
724,910,956,285,2000,0,46100,0,9,1,1,2,33480,3720,3720,26040,0,0,1,11,5,2,2,1,4,0,1,0
725,459,464,163,2000,0,51700,0,13,1,2,3,79500,15900,7950,55650,2,0,6,7,2,2,2,1,0,1,0,0
726,474,467,245,1000,7000000,0,-68900,19,1,2,2,6490,590,1180,4720,2,1,3,3,2,1,1,1,4,0,0,1
727,290,471,284,500,-1000000,0,0,13,1,0,1,94160,8560,17120,68480,0,1,0,6,5,2,2,0,0,1,0,0
728,299,472,119,2000,0,27100,0,16,2,1,0,63720,7080,21240,35400,1,1,2,13,2,0,1,0,3,0,0,0
729,346,482,429,1000,6000000,67400,-43800,0,1,2,0,39480,6580,6580,26320,1,1,0,6,3,2,1,1,0,1,1,0
730,366,486,154,2000,7000000,68500,0,9,1,2,0,2800,280,280,2240,1,0,5,3,3,3,1,3,2,0,0,0
731,397,490,252,1000,0,0,-28800,17,1,0,2,74900,14980,7490,52430,0,1,5,0,5,2,0,1,1,1,1,0
732,405,492,65,500,4000000,0,-66300,6,3,2,3,79800,15960,7980,55860,0,0,1,13,5,0,2,2,1,0,0,0
733,446,494,163,500,6000000,0,-67300,20,1,2,3,49400,4940,9880,34580,1,0,3,8,3,2,1,2,1,1,1,0
734,448,495,27,500,0,37900,0,11,1,1,0,61500,12300,6150,43050,0,0,6,0,2,2,0,2,0,0,0,0
735,518,504,196,2000,0,0,-78600,0,3,1,0,47800,4780,4780,38240,1,1,3,10,2,0,1,1,0,0,0,0
736,644,519,254,500,5000000,0,-74400,23,1,2,2,53460,9720,4860,38880,1,1,1,1,5,2,0,1,3,0,0,0
737,734,527,246,1000,6000000,0,0,0,1,2,1,50700,5070,5070,40560,1,1,3,0,0,2,2,1,1,0,0,0
738,519,531,253,500,7000000,46300,-33000,9,1,0,1,3840,640,640,2560,2,0,0,12,4,3,1,3,4,0,0,0
739,542,536,93,2000,0,0,0,21,3,1,3,48070,8740,8740,30590,0,0,4,9,0,0,1,0,4,1,0,0
740,562,541,27,2000,0,0,-55800,23,1,1,3,61560,6840,6840,47880,0,0,1,0,3,2,0,2,1,0,0,0
741,609,546,463,500,0,0,0,14,1,2,0,59400,6600,6600,46200,1,1,5,8,5,2,0,1,4,0,1,0
742,689,557,26,1000,0,50700,-36300,10,1,2,3,63030,5730,11460,45840,0,1,6,1,1,2,2,0,4,0,0,0
743,691,558,199,1000,0,0,-53100,6,1,0,2,44440,8080,4040,32320,1,0,2,12,2,2,0,0,4,0,0,1
744,721,564,130,500,0,0,-41200,8,1,1,3,5830,1060,1060,3710,0,1,5,11,2,1,1,3,2,0,1,0
745,742,565,371,1000,0,79600,0,2,3,2,1,84500,13000,13000,58500,1,1,6,6,1,0,2,0,3,0,1,1
746,500,567,1,500,0,52200,0,15,1,2,3,86790,7890,23670,55230,2,0,3,2,2,2,2,1,4,0,1,0
747,607,578,236,1000,4000000,0,-63900,17,1,0,0,8700,870,1740,6090,1,0,5,3,5,1,1,1,4,1,0,0
748,566,601,143,500,5000000,0,-65700,16,1,2,0,54300,10860,5430,38010,0,0,2,3,4,2,1,1,1,0,1,0
749,576,604,282,2000,0,51100,-75100,2,1,2,2,69400,13880,6940,48580,0,1,4,7,5,2,0,1,4,0,0,0
750,661,613,330,1000,0,0,0,10,1,1,3,59500,11900,5950,41650,1,1,1,4,0,2,2,0,0,1,0,0
751,548,626,210,500,0,0,0,6,1,1,2,8640,1440,720,6480,1,1,3,12,2,3,1,1,4,0,0,0
752,635,638,140,1000,0,0,-42900,5,1,0,2,2860,520,260,2080,0,0,2,2,5,1,1,3,2,0,1,1
753,674,646,25,1000,7000000,40900,0,0,1,1,1,4320,480,960,2880,1,1,1,0,5,3,1,3,2,0,1,0
754,536,660,254,2000,0,0,-90600,3,3,1,3,63580,5780,11560,46240,1,1,4,12,0,0,0,0,0,0,1,0
755,546,662,230,2000,0,48100,0,13,1,0,2,75460,13720,13720,48020,0,1,4,9,5,2,2,2,0,0,0,0
756,596,669,286,500,0,45500,-62500,3,1,2,0,5000,500,500,4000,0,0,1,9,2,1,1,3,4,0,0,0
757,598,671,286,1000,6000000,71300,-70300,16,3,1,3,54450,6050,12100,36300,1,0,2,11,2,0,0,0,0,0,1,0
758,690,682,254,500,5000000,42200,-48000,8,1,2,2,63470,5770,11540,46160,1,0,6,5,3,2,0,1,4,1,0,0
759,692,683,137,500,0,48500,-67400,4,1,1,1,6600,1200,1200,4200,1,1,3,9,0,1,1,1,4,1,0,0
760,696,684,176,500,5000000,32800,-50600,17,1,2,1,47300,4300,8600,34400,1,1,1,13,4,2,1,2,4,0,1,0
761,712,687,456,1000,0,82600,-49500,13,3,1,3,66480,5540,11080,49860,1,0,4,10,3,0,2,0,3,0,0,1
762,516,691,65,1000,0,43000,-42500,17,1,1,2,42840,3570,7140,32130,0,0,1,0,5,2,0,2,0,0,1,0
763,551,693,337,500,0,0,-34600,8,1,0,1,86400,14400,7200,64800,0,1,0,1,5,2,1,1,1,1,0,0
764,577,694,222,500,0,71400,0,9,3,2,1,55000,5000,10000,40000,2,1,2,13,1,0,1,0,3,1,0,1
765,628,703,239,2000,0,44200,-37000,10,1,2,3,87890,15980,7990,63920,1,0,3,10,5,2,0,0,1,0,1,1
766,694,711,73,500,0,0,0,15,3,0,0,57000,0,11400,45600,0,0,2,10,0,0,1,2,3,0,1,0
767,540,724,138,500,4000000,27700,-72400,0,1,2,2,83160,6930,13860,62370,2,0,6,7,5,2,0,0,3,0,0,0
768,701,744,162,500,0,45700,0,17,4,2,1,35300,3530,3530,28240,1,0,0,3,2,0,1,0,1,0,0,1
769,795,755,297,500,7000000,0,-59500,0,3,0,3,44400,5550,5550,33300,1,1,4,0,4,0,2,2,1,0,1,0
770,787,794,133,1000,0,0,-31700,19,3,1,2,28440,3160,3160,22120,2,1,1,0,0,0,0,1,1,0,0,0
771,823,797,197,1000,0,0,-64500,6,1,2,2,76400,15280,7640,53480,2,0,6,9,1,2,0,0,4,0,1,1
772,898,806,237,500,0,53200,0,23,1,0,1,59200,0,11840,47360,1,0,6,11,0,2,1,0,4,0,0,0
773,970,816,213,500,0,58500,-77700,13,1,2,0,74140,13480,6740,53920,1,1,4,12,0,2,2,2,1,1,1,0
774,940,849,308,1000,6000000,45700,-41400,7,1,1,1,5590,860,860,3870,0,0,0,2,3,1,1,1,2,0,1,0
775,775,859,89,2000,0,49100,-45100,5,1,1,2,100,10,20,70,0,0,4,12,1,1,1,3,4,1,0,0
776,841,868,233,2000,0,0,0,20,3,1,0,48870,5430,5430,38010,2,1,3,2,4,0,1,1,1,0,1,0
777,861,871,212,1000,0,73200,0,17,3,0,2,82400,8240,8240,65920,2,0,5,7,0,0,2,1,3,1,1,0
778,862,872,299,1000,0,0,-48800,3,1,2,0,54240,6780,6780,40680,2,0,1,7,2,2,1,1,0,1,0,0
779,992,888,94,500,0,50300,0,6,3,1,2,36700,3670,7340,25690,0,1,4,3,0,0,0,0,1,1,1,0
780,788,890,119,500,0,57100,0,7,1,2,1,45540,8280,8280,28980,1,0,1,12,5,2,0,0,1,1,1,1
781,873,901,322,2000,0,0,-46000,18,1,0,2,42240,7680,7680,26880,1,0,6,1,3,2,1,0,0,0,1,0
782,761,915,440,1000,5000000,51500,-52100,19,3,0,3,68200,12400,12400,43400,0,1,1,10,5,0,1,0,4,1,0,1
783,812,922,404,1000,4000000,0,-63700,23,1,2,0,53100,5310,5310,42480,1,0,5,13,1,2,0,1,0,0,1,1
784,836,926,257,1000,0,52100,0,0,1,0,1,85320,21330,7110,56880,0,0,3,13,2,2,1,2,4,0,1,0
785,945,933,412,500,0,0,-66100,19,3,0,2,68040,15120,7560,45360,1,1,2,5,3,0,0,2,4,0,0,0
786,765,939,188,500,0,46300,0,6,1,2,0,45000,5000,5000,35000,0,0,3,0,3,2,1,2,0,0,1,0
787,892,955,215,1000,0,40000,-43400,6,1,2,1,2640,220,440,1980,2,1,5,0,0,3,1,3,2,0,0,0
788,999,968,456,1000,0,0,0,6,1,0,3,5060,460,920,3680,1,0,0,11,0,1,1,1,4,0,0,0
789,934,991,146,1000,5000000,0,0,0,3,1,3,52380,5820,5820,40740,0,0,1,1,3,0,1,0,0,0,0,0
790,410,459,283,2000,0,0,-50400,9,1,0,3,5850,1300,650,3900,0,0,0,0,1,1,1,1,2,0,0,0
791,457,463,123,2000,0,38000,-41200,5,1,2,1,79800,13300,6650,59850,0,1,5,13,3,2,2,0,0,0,1,1
792,395,489,146,2000,0,61400,-57500,3,1,2,0,5220,580,580,4060,1,0,6,6,1,3,1,1,2,1,0,0
793,537,508,440,500,0,0,-56200,18,3,2,1,61400,6140,6140,49120,1,0,0,8,2,0,2,1,4,1,0,0
794,579,514,51,500,0,0,0,23,1,2,3,64200,6420,19260,38520,2,1,6,6,4,2,2,0,1,0,0,1
795,732,526,96,2000,0,10000,0,9,1,2,3,78320,7120,14240,56960,1,0,0,9,0,2,0,2,0,1,0,0
796,553,539,428,1000,0,0,0,9,1,2,2,6930,630,1260,5040,0,0,2,12,4,1,1,3,4,1,0,0
797,559,540,194,2000,0,46500,0,15,3,1,0,53680,4880,9760,39040,0,0,6,2,1,0,1,1,0,0,0,0
798,629,549,330,2000,0,0,-56400,20,2,0,2,60500,11000,5500,44000,0,0,2,2,5,0,2,2,3,0,1,1
799,677,554,125,500,0,55400,-40400,4,1,1,2,4320,0,960,3360,2,1,3,7,0,1,1,3,2,1,0,0
800,699,559,186,2000,0,39300,-60300,23,3,2,2,68760,11460,5730,51570,1,0,5,13,0,0,0,2,4,1,0,1
801,525,570,41,1000,0,46700,0,12,1,1,1,6890,530,1060,5300,0,0,3,9,3,3,1,3,4,1,0,0
802,663,585,172,1000,6000000,41300,-42000,15,3,0,1,41690,7580,7580,26530,0,0,2,0,5,0,2,2,0,0,0,0
803,669,587,434,2000,0,0,0,15,3,1,3,66240,11040,11040,44160,2,1,3,13,0,0,1,0,3,0,0,0
804,507,596,86,2000,0,74200,-68100,0,1,2,2,62920,9680,14520,38720,0,1,2,9,0,2,0,1,4,0,1,0
805,565,600,392,2000,0,68400,-66800,4,1,2,2,108030,16620,16620,74790,0,0,6,3,1,2,2,1,3,0,1,0
806,571,603,241,1000,0,0,-54900,20,3,0,2,37520,4690,4690,28140,1,0,3,0,3,0,2,1,4,0,1,0
807,608,608,267,2000,0,0,0,4,4,2,1,77100,15420,7710,53970,0,0,4,0,5,0,0,2,4,0,0,0
808,621,611,87,500,0,0,0,2,1,2,1,34650,6300,3150,25200,0,0,5,13,3,2,2,1,4,0,1,0
809,718,618,259,2000,0,0,0,8,1,0,0,105820,16280,16280,73260,1,0,5,3,0,2,0,1,3,1,1,0
810,511,621,283,1000,0,0,-46200,9,1,2,3,6560,820,820,4920,2,0,3,11,0,1,1,3,4,0,0,0
811,557,628,63,500,6000000,0,-36500,5,1,0,2,5160,860,860,3440,2,1,6,2,3,3,1,1,4,0,1,0
812,581,631,143,500,0,37700,0,21,4,2,0,76120,6920,13840,55360,1,1,0,10,0,0,2,0,3,1,0,0
813,743,656,175,500,5000000,0,-43600,9,3,2,2,71610,13020,6510,52080,2,1,6,3,0,0,0,0,3,1,1,1
814,658,676,303,1000,7000000,42900,-61500,20,1,2,0,60210,6690,6690,46830,2,0,0,6,2,2,1,1,1,0,0,0
815,630,704,128,500,0,0,0,10,3,2,1,88220,16040,16040,56140,2,0,4,6,2,0,0,1,1,0,0,0
816,704,712,168,1000,0,0,-42600,23,3,1,3,41580,3780,7560,30240,2,0,5,6,3,0,1,0,1,1,0,1
817,544,726,254,500,0,0,0,10,1,0,1,43280,0,5410,37870,0,1,4,9,0,2,0,1,1,1,0,1
818,547,728,313,2000,0,0,0,18,3,2,1,69000,13800,6900,48300,0,1,4,1,4,0,2,0,3,1,1,1
819,614,733,131,2000,0,0,-65200,3,1,0,1,4900,490,490,3920,0,1,4,11,5,1,1,1,4,0,0,0
820,619,734,214,2000,7000000,0,0,17,3,0,3,47080,4280,8560,34240,0,0,0,6,3,0,0,1,0,0,0,0
821,634,736,162,2000,0,0,0,14,1,0,3,54340,9880,4940,39520,2,0,5,5,0,2,2,0,4,1,1,0
822,640,737,182,2000,0,53800,-78300,18,1,2,3,89650,8150,16300,65200,2,0,5,1,0,2,2,2,4,0,1,0
823,659,738,101,500,0,52600,-30400,4,1,0,3,43600,8720,4360,30520,1,1,3,11,2,2,0,1,0,0,1,0
824,766,750,224,1000,0,0,-47100,21,3,2,1,61800,12360,6180,43260,2,0,3,9,2,0,1,2,1,1,0,0
825,789,752,169,500,0,0,-57600,0,1,0,0,38700,7740,3870,27090,0,0,3,11,1,2,1,1,1,0,1,0
826,797,756,136,1000,0,37900,0,23,1,0,1,30700,3070,6140,21490,1,0,6,2,1,2,2,1,1,1,1,0
827,848,761,427,1000,7000000,0,-54400,23,1,1,2,90860,12980,19470,58410,0,1,4,2,3,2,2,0,0,1,1,1
828,849,762,380,2000,6000000,0,0,23,1,0,3,5700,570,570,4560,1,1,0,8,5,1,1,3,4,0,0,0
829,875,765,195,1000,8000000,0,0,12,1,0,2,44200,4420,4420,35360,0,1,4,12,4,2,2,0,0,0,0,1
830,909,770,192,1000,0,65100,-50300,10,3,0,2,30700,3070,6140,21490,2,0,5,13,1,0,1,2,3,0,0,0
831,994,787,141,1000,0,0,-82100,6,1,1,2,6480,540,1080,4860,2,1,2,11,3,1,1,1,2,0,1,0
832,826,799,179,2000,0,0,0,10,1,0,1,53100,5900,5900,41300,2,0,6,8,3,2,0,1,1,0,0,0
833,899,807,127,500,0,73700,0,8,1,1,3,4700,470,940,3290,2,0,0,2,3,3,1,1,2,1,0,0
834,751,822,193,500,0,34200,-32300,6,1,0,0,63900,6390,6390,51120,0,0,6,5,1,2,2,1,1,0,1,0
835,760,824,78,1000,0,72600,0,1,3,2,1,52290,5810,11620,34860,1,0,5,1,4,0,2,1,3,0,0,0
836,776,828,458,1000,0,53000,0,18,1,2,1,56340,6260,6260,43820,0,0,2,10,2,2,0,1,1,0,0,0
837,813,831,282,2000,7000000,26900,-55300,7,1,1,2,3520,640,320,2560,2,0,4,9,0,3,1,1,2,0,0,0
838,979,855,229,1000,0,0,-55400,17,1,0,2,54560,9920,9920,34720,2,0,5,4,1,2,1,2,3,0,1,0
839,763,856,66,500,0,21100,-60800,2,3,0,2,65560,11920,11920,41720,2,0,1,0,5,0,0,0,1,0,1,1
840,832,865,295,500,0,52200,-44500,10,1,1,3,4560,760,380,3420,1,0,3,9,3,3,1,1,2,1,1,0
841,947,882,465,500,6000000,0,0,7,1,0,3,43560,4840,4840,33880,1,0,5,11,3,2,2,1,3,0,0,0
842,847,899,289,1000,0,0,0,19,3,1,3,68580,7620,7620,53340,2,0,0,11,1,0,2,1,1,1,0,0
843,871,900,133,500,0,70900,-61100,8,1,2,0,4200,420,840,2940,2,0,3,9,0,1,1,1,2,0,1,0
844,885,929,254,500,0,59800,0,19,3,0,0,79680,13280,13280,53120,1,1,3,7,0,0,1,2,4,1,0,0
845,804,942,267,2000,0,35000,0,3,1,2,3,4950,900,450,3600,1,1,4,2,4,1,1,3,2,1,1,0
846,915,959,231,500,0,0,0,14,1,2,0,71190,0,7910,63280,1,0,2,11,5,2,1,0,1,1,0,1
847,961,963,128,1000,0,0,-48800,16,1,2,0,7590,1380,690,5520,1,0,0,0,0,3,1,3,4,0,0,0
848,902,987,64,1000,0,56800,-51800,9,3,2,1,60000,5000,10000,45000,2,1,3,5,2,0,2,1,1,0,0,0
849,912,988,175,500,0,44900,-52500,15,3,2,1,42680,3880,7760,31040,2,1,5,3,1,0,1,0,4,1,1,1
850,941,992,284,500,0,47900,0,19,3,0,0,46860,8520,8520,29820,2,0,6,6,0,0,2,0,1,0,0,0
851,967,995,179,1000,6000000,53800,0,4,1,1,2,54200,5420,10840,37940,0,0,0,10,3,2,1,0,4,1,0,1
852,971,996,79,500,0,53400,-35200,0,1,2,1,67800,13560,6780,47460,2,0,0,8,1,2,0,2,1,0,0,0
853,806,975,45,1000,0,0,0,1,1,0,1,52200,10440,5220,36540,1,1,1,9,5,2,2,0,1,1,1,0
854,809,976,110,1000,0,0,0,19,1,2,3,55200,13800,9200,32200,1,1,0,7,0,2,1,0,0,0,0,1
855,817,977,250,500,0,69500,-40700,16,1,1,1,74800,13600,6800,54400,0,1,2,3,0,2,1,0,3,0,0,1
856,822,978,386,500,0,36800,0,16,1,2,3,66660,12120,6060,48480,1,1,3,2,1,2,0,1,4,0,1,0
857,876,984,247,500,0,0,-49300,5,1,1,2,7700,770,1540,5390,0,0,5,10,4,3,1,3,4,1,0,0
858,944,993,266,1000,0,12800,-49700,12,1,1,3,70830,7870,7870,55090,2,1,0,9,3,2,2,2,4,1,1,0
859,948,994,126,1000,0,42300,-45800,17,1,1,1,60840,13520,6760,40560,1,1,5,11,1,2,0,2,4,0,0,0
860,361,452,61,500,0,47400,0,15,3,2,1,65520,9360,9360,46800,0,0,1,8,2,0,1,0,0,1,0,1
861,341,450,299,2000,0,25000,0,13,1,1,3,70400,12800,12800,44800,0,0,0,2,5,2,1,1,3,1,0,0
862,470,465,460,2000,0,62500,0,10,1,2,3,58300,5830,11660,40810,0,0,3,2,0,2,0,0,3,0,0,1
863,288,470,88,1000,0,0,0,6,1,1,2,66780,7420,7420,51940,1,0,3,5,0,2,1,0,0,1,1,1
864,303,473,267,500,5000000,0,-35200,5,1,0,2,5670,1260,630,3780,1,1,3,13,5,1,1,3,4,0,0,0
865,327,477,276,1000,0,0,0,23,3,0,0,65780,5980,11960,47840,0,1,6,2,3,0,1,1,4,1,0,0
866,329,478,78,1000,4000000,0,-27900,21,1,1,0,55660,5060,10120,40480,1,1,6,10,3,2,0,0,3,0,0,1
867,422,493,8,500,0,0,0,21,1,0,0,91260,14040,14040,63180,2,1,2,5,0,2,0,0,3,0,0,0
868,502,500,202,2000,0,0,-37500,12,1,1,1,77440,7040,14080,56320,0,0,0,1,0,2,2,0,3,1,0,0
869,522,505,220,1000,0,33500,-49500,20,4,0,2,47740,4340,4340,39060,0,1,1,4,2,0,1,1,1,0,1,0
870,554,510,204,500,0,0,0,10,3,1,2,41700,8340,8340,25020,0,0,3,11,1,0,2,1,3,1,1,0
871,555,511,364,500,0,0,0,16,1,2,1,77330,14060,14060,49210,0,1,5,13,5,2,1,0,3,1,0,1
872,638,518,34,500,0,0,0,4,3,1,0,50800,5080,5080,40640,2,0,6,8,0,0,2,0,0,0,0,1
873,723,523,103,500,0,72100,0,5,1,2,3,7110,790,1580,4740,2,1,0,9,2,1,1,1,4,0,0,0
874,725,524,189,2000,0,0,0,7,3,2,0,64400,6440,6440,51520,1,0,1,12,3,0,1,1,4,0,1,0
875,728,525,140,1000,5000000,0,0,13,1,2,3,82170,14940,7470,59760,1,0,1,10,2,2,2,0,1,0,0,1
876,535,535,65,1000,0,0,-71900,14,1,1,0,52400,6550,6550,39300,1,0,1,11,5,2,2,0,3,0,1,1
877,543,537,37,1000,0,49300,0,4,3,0,0,51030,5670,11340,34020,0,0,5,10,1,0,1,1,0,1,1,0
878,662,553,211,2000,4000000,42200,-33800,22,3,1,0,53460,5940,5940,41580,1,0,6,1,1,0,0,2,4,1,0,0
879,524,569,266,500,0,0,-45800,5,1,1,2,2160,480,240,1440,1,0,0,12,3,1,1,1,4,0,0,0
880,527,571,285,1000,0,55100,0,8,1,1,1,2700,300,300,2100,0,0,5,11,2,3,1,3,4,0,0,0
881,623,580,206,1000,0,0,-74200,2,1,1,1,78980,7180,14360,57440,2,1,2,6,4,2,1,0,1,0,0,1
882,683,590,238,1000,4000000,0,-44800,21,4,0,0,42700,4270,4270,34160,1,1,2,5,5,0,1,2,0,0,0,1
883,714,592,475,500,0,0,-59500,23,1,0,2,64350,9900,9900,44550,2,0,5,5,5,2,0,0,1,1,0,0
884,586,605,150,1000,0,40100,0,7,1,1,3,4590,510,510,3570,0,1,1,11,3,3,1,3,4,1,1,0
885,599,607,239,1000,5000000,0,0,12,3,1,3,61920,6880,6880,48160,1,0,5,5,2,0,0,0,4,0,0,0
886,618,609,97,1000,0,0,-32600,22,1,1,0,45270,10060,10060,25150,0,1,3,4,0,2,1,2,0,0,0,0
887,620,610,438,500,0,0,0,14,1,0,0,40700,4070,4070,32560,2,0,4,6,0,2,2,1,4,0,0,1
888,673,614,80,1000,0,0,-18600,3,1,0,1,33480,3720,3720,26040,2,0,1,4,5,2,1,0,4,0,0,0
889,515,624,284,1000,0,0,-42400,11,1,0,3,35750,6500,3250,26000,1,0,3,12,2,2,2,2,3,0,1,0
890,726,652,267,500,0,49000,0,0,1,1,3,1920,480,0,1440,1,1,6,0,4,1,1,1,2,0,1,0
891,526,659,316,2000,5000000,58300,0,6,3,2,0,78870,7170,14340,57360,0,0,2,9,0,0,2,0,0,0,1,0
892,550,663,153,500,0,52300,-55600,5,3,0,3,42500,4250,4250,34000,2,1,2,13,4,0,2,2,0,0,0,0
893,590,667,193,500,0,0,0,23,3,2,1,64260,0,14280,49980,0,0,1,5,0,0,2,2,0,0,1,0
894,593,668,152,500,0,58600,0,9,1,1,1,84590,7690,7690,69210,2,0,3,2,5,2,2,0,1,1,0,1
895,702,685,396,500,0,0,-49400,3,1,1,3,2640,480,480,1680,2,1,2,12,5,1,1,1,2,1,0,0
896,740,688,385,1000,0,0,-61000,14,3,1,3,67600,13520,6760,47320,1,0,4,2,0,0,1,1,3,0,0,0
897,745,689,258,500,0,0,-44400,0,3,2,3,81240,6770,20310,54160,0,1,5,3,4,0,1,0,1,0,0,1
898,517,692,222,1000,0,87800,-51200,21,3,1,0,87960,14660,14660,58640,1,1,2,1,3,0,0,0,1,0,0,1
899,651,706,103,1000,0,0,-74800,11,3,1,1,77700,7770,15540,54390,0,0,1,5,0,0,0,1,4,1,0,0
900,657,707,252,500,9000000,0,-33300,15,3,0,3,59400,11880,5940,41580,2,1,2,13,2,0,0,1,3,0,0,1
901,671,708,250,2000,0,37800,0,2,1,0,3,64200,10700,10700,42800,2,1,5,11,2,2,0,1,1,0,0,0
902,504,720,61,2000,6000000,0,-53800,16,2,1,0,53820,11960,5980,35880,0,0,3,4,5,0,1,0,1,1,0,1
903,509,721,126,2000,0,55300,-58400,16,3,2,0,74160,6180,12360,55620,2,1,1,11,4,0,1,2,4,1,0,0
904,601,732,98,500,0,0,-26400,3,1,2,0,64080,7120,7120,49840,0,1,5,6,5,2,0,1,3,0,0,0
905,668,741,278,500,0,0,-39800,21,1,2,2,58500,5850,5850,46800,2,1,5,6,1,2,1,0,0,0,1,0
906,706,745,263,1000,0,0,0,17,1,2,3,79320,13220,6610,59490,2,0,5,5,1,2,1,1,1,1,1,0
907,724,747,284,500,0,48200,0,12,3,0,0,36960,6720,3360,26880,1,1,6,9,2,0,2,2,1,0,1,0
908,791,753,84,500,7000000,0,0,0,1,0,2,57240,4770,9540,42930,2,0,0,9,0,2,1,2,3,1,0,1
909,866,764,152,1000,0,0,0,18,1,1,0,63900,7100,7100,49700,0,0,3,1,0,2,0,1,1,0,0,0
910,975,782,240,500,9000000,0,-70900,18,2,0,2,66550,6050,12100,48400,0,0,3,10,3,0,1,2,1,1,0,0
911,774,791,70,1000,0,67200,-59400,14,4,1,0,31680,3520,3520,24640,1,1,2,6,0,0,2,1,4,0,1,0
912,824,798,166,500,0,0,0,10,1,1,1,58300,10600,10600,37100,1,0,4,2,1,2,1,2,0,1,0,0
913,843,801,297,1000,0,0,-71400,18,3,0,2,54960,6870,0,48090,2,1,5,10,5,0,0,0,3,0,0,1
914,755,823,144,500,0,0,0,3,3,0,0,87900,17580,8790,61530,0,1,2,6,5,0,2,0,4,0,0,0
915,926,846,211,1000,0,0,0,12,1,0,3,91520,8320,16640,66560,1,0,5,13,3,2,0,2,1,0,1,1
916,930,847,310,500,0,11000,0,11,4,0,2,59400,13200,6600,39600,0,0,3,0,4,0,1,0,4,1,0,1
917,946,851,31,2000,4000000,46800,-87300,10,1,2,0,63600,5300,10600,47700,0,0,3,7,5,2,2,0,1,0,0,1
918,952,852,252,2000,0,0,0,22,3,0,2,89520,14920,14920,59680,2,0,3,5,3,0,0,2,3,0,0,0
919,969,854,398,500,0,69400,0,7,1,2,3,6600,600,1200,4800,1,1,2,0,4,3,1,3,4,0,0,0
920,779,860,446,1000,0,0,-15700,1,3,2,1,80880,6740,13480,60660,2,0,2,12,5,0,1,1,4,0,0,0
921,838,867,185,500,0,0,0,20,3,1,1,51370,9340,4670,37360,1,0,6,1,0,0,2,0,1,1,0,1
922,853,869,266,2000,0,0,-41400,18,1,1,3,83490,7590,15180,60720,0,1,0,5,0,2,0,1,1,0,1,0
923,951,883,187,1000,5000000,60100,0,21,1,0,3,57700,5770,5770,46160,2,0,5,10,1,2,2,2,0,0,0,0
924,984,886,163,1000,0,55700,-49900,1,1,2,1,51390,5710,11420,34260,1,1,4,7,0,2,2,2,0,1,0,0
925,916,906,186,500,0,70300,-70900,7,1,1,1,3600,400,400,2800,0,1,2,0,0,3,1,3,2,0,1,0
926,381,456,47,500,0,64800,-24300,23,1,1,3,62920,11440,5720,45760,2,0,6,3,2,2,0,1,4,1,0,0
927,382,457,113,2000,0,36100,-42300,15,3,0,2,49950,5550,5550,38850,1,1,6,3,1,0,1,1,3,0,1,1
928,424,460,150,1000,0,52800,0,6,3,0,3,64800,6480,12960,45360,2,1,5,6,0,0,0,0,0,0,1,1
929,471,466,195,2000,6000000,38000,-50300,12,3,1,2,64620,7180,0,57440,2,1,4,12,4,0,0,1,0,1,0,0
930,312,476,158,2000,0,0,-38600,0,1,0,0,35000,3500,7000,24500,0,0,0,5,2,2,2,2,3,0,0,0
931,332,479,85,500,0,67000,-53600,8,1,2,2,5640,940,940,3760,1,0,3,12,4,1,1,3,2,0,0,0
932,334,480,96,500,6000000,38900,-48700,22,1,0,0,53440,0,6680,46760,0,1,1,9,5,2,2,2,1,0,1,0
933,532,507,169,1000,0,23300,0,12,3,1,3,79080,6590,13180,59310,0,1,6,2,3,0,0,2,3,0,1,0
934,529,533,15,2000,0,33500,-58900,10,1,1,3,75570,6870,13740,54960,1,0,2,11,2,2,0,0,4,1,0,1
935,656,552,107,500,4000000,82100,0,8,1,1,3,3900,780,390,2730,0,1,0,6,2,3,1,3,4,0,0,0
936,700,560,85,2000,9000000,0,0,1,2,2,1,74400,14880,7440,52080,1,0,4,12,0,0,0,0,3,0,0,1
937,705,561,274,1000,0,54700,-47900,13,1,0,0,58500,11700,0,46800,1,0,3,12,4,2,2,1,0,1,0,1
938,580,575,255,500,0,0,-40200,16,1,2,0,67320,12240,12240,42840,2,1,2,11,3,2,0,2,3,0,1,0
939,631,582,147,1000,6000000,0,-48400,2,2,1,2,53680,9760,4880,39040,2,0,0,9,0,0,1,2,3,0,0,0
940,736,593,339,500,0,0,0,18,3,2,1,51840,8640,8640,34560,0,1,3,7,4,0,1,2,1,0,0,0
941,520,597,280,1000,0,0,-51600,1,1,0,2,77000,14000,7000,56000,0,1,3,13,3,2,0,2,1,0,0,0
942,530,598,354,2000,5000000,0,0,12,1,2,3,90240,15040,15040,60160,2,0,5,11,4,2,0,1,4,0,1,0
943,709,616,276,2000,0,0,-70400,17,1,1,2,51390,5710,5710,39970,0,1,1,5,0,2,0,1,0,0,0,1
944,715,617,96,1000,5000000,47500,-58700,15,3,2,3,55400,5540,11080,38780,1,1,1,9,2,0,1,0,0,1,1,1
945,506,622,12,1000,0,51400,0,13,3,2,1,53370,5930,5930,41510,2,0,6,12,2,0,1,1,4,0,0,0
946,591,633,43,500,0,0,0,16,1,2,1,79970,7270,21810,50890,2,0,0,1,1,2,1,0,0,0,0,1
947,642,642,143,1000,0,79900,0,1,1,2,0,62260,5660,5660,50940,2,0,2,3,0,2,1,0,0,0,0,0
948,655,644,198,1000,0,0,-55100,18,1,1,1,95000,9500,9500,76000,1,1,0,5,2,2,2,0,3,1,1,0
949,510,658,209,500,0,38600,-52900,8,1,2,0,80100,8900,8900,62300,1,1,2,8,0,2,1,2,4,0,0,0
950,587,666,463,1000,0,51700,0,14,2,1,2,72400,7240,14480,50680,1,0,3,3,1,0,0,0,3,0,0,1
951,649,675,16,1000,0,50800,-66200,0,3,0,2,59400,6600,13200,39600,0,1,4,12,1,0,2,2,0,0,0,1
952,584,695,96,1000,0,0,0,4,1,1,2,6030,670,670,4690,0,0,2,8,5,1,1,3,4,0,0,0
953,626,702,303,2000,5000000,0,0,1,4,1,2,72840,12140,6070,54630,0,1,5,11,1,0,2,0,1,1,0,0
954,625,735,422,1000,0,43600,-67800,11,1,1,1,85250,15500,7750,62000,0,0,4,6,3,2,0,0,0,1,0,0
955,666,740,344,1000,0,0,-38700,18,3,2,2,75400,17400,11600,46400,0,0,5,11,1,0,2,0,1,0,1,1
956,711,746,64,2000,0,0,-51100,16,1,2,1,4900,490,1470,2940,1,1,3,10,3,1,1,1,2,0,0,0
957,739,749,194,1000,0,55300,-37900,0,1,0,3,9100,1400,1400,6300,0,1,0,11,1,3,1,1,2,1,0,0
958,855,763,198,1000,0,0,0,11,3,1,3,49410,5490,5490,38430,1,1,2,1,3,0,1,2,1,0,1,0
959,917,772,229,2000,3000000,65400,0,23,1,1,3,62640,10440,10440,41760,1,1,6,12,1,2,2,0,3,0,0,0
960,816,796,140,500,0,100500,0,4,4,0,0,60170,5470,10940,43760,0,0,1,0,5,0,2,1,3,0,0,0
961,842,800,274,500,0,0,0,7,1,2,1,5590,860,860,3870,2,0,3,12,0,3,1,1,4,0,0,0
962,852,802,312,1000,0,66900,-51800,17,3,2,3,56320,7040,7040,42240,2,0,4,3,5,0,2,2,1,0,0,0
963,957,814,205,2000,4000000,0,0,19,1,2,1,86130,15660,15660,54810,0,0,2,8,2,2,1,1,4,0,0,0
964,764,826,366,1000,0,21200,0,5,3,1,3,70290,12780,12780,44730,2,0,2,5,0,0,1,1,4,1,0,0
965,782,829,233,2000,0,67100,0,6,1,0,1,3740,680,680,2380,2,0,0,12,2,3,1,1,2,0,0,0
966,856,834,290,2000,0,54400,0,22,3,0,1,66200,6620,6620,52960,2,1,0,12,3,0,2,1,1,0,0,0
967,887,842,441,500,4000000,24000,-50500,4,1,0,0,6400,640,640,5120,1,1,1,1,0,1,1,1,2,0,0,0
968,921,844,178,500,0,0,0,10,3,0,3,57200,5200,10400,41600,1,0,1,7,5,0,1,1,3,0,0,0
969,768,857,446,1000,0,49900,-62100,3,1,2,0,70500,7050,14100,49350,0,0,2,0,4,2,1,1,3,1,1,0
970,773,858,174,2000,0,0,0,14,3,0,1,44200,8840,4420,30940,1,0,1,4,3,0,1,2,0,1,1,0
971,800,863,95,2000,0,48900,0,22,1,0,3,34800,3480,6960,24360,1,1,1,13,4,2,1,1,4,1,0,0
972,982,885,230,2000,0,28900,0,0,3,0,3,51900,5190,10380,36330,2,1,2,3,2,0,0,1,4,0,1,1
973,879,902,338,500,4000000,0,0,4,1,2,1,58560,9760,9760,39040,2,1,4,8,2,2,0,2,3,1,0,0
974,884,903,280,1000,0,0,-72000,16,1,2,2,61320,10220,10220,40880,1,1,3,13,1,2,0,1,1,0,0,0
975,904,905,97,500,0,56700,-49300,22,3,2,1,75690,8410,8410,58870,2,0,2,12,0,0,2,2,3,1,1,0
976,923,907,90,2000,0,42100,0,2,1,1,0,75790,13780,6890,55120,1,0,6,7,1,2,1,2,3,1,1,0
977,929,908,136,500,0,0,0,6,1,0,0,55000,10000,10000,35000,0,0,3,11,1,2,2,0,4,1,0,1
978,807,920,186,2000,0,80900,-111100,1,3,2,3,73800,12300,12300,49200,1,0,3,10,4,0,1,1,0,0,0,0
979,815,923,215,500,0,0,0,10,1,0,1,70700,7070,14140,49490,1,0,6,2,4,2,1,2,4,0,0,0
980,821,925,187,500,0,59500,0,7,3,0,0,45100,8200,4100,32800,2,0,6,6,1,0,2,1,1,0,0,0
981,820,943,65,1000,0,0,0,14,1,0,0,7200,720,1440,5040,1,1,2,7,3,3,1,3,2,0,0,0
982,844,947,273,1000,0,59600,0,0,3,1,3,39800,7960,3980,27860,2,0,0,9,3,0,2,1,4,0,0,0
983,860,950,230,1000,0,0,-45300,13,3,1,2,58850,10700,10700,37450,0,0,4,0,3,0,1,1,3,0,1,0
984,913,957,259,2000,0,30100,0,23,1,1,1,87780,7980,7980,71820,2,1,4,2,1,2,2,1,1,0,0,0
985,870,982,260,500,0,54500,-72100,18,1,1,0,75400,15080,7540,52780,0,0,3,3,1,2,0,2,1,0,0,0
986,891,986,479,1000,0,0,-44800,9,2,0,3,53900,5390,10780,37730,2,0,4,3,2,0,1,2,3,0,0,0
987,988,998,295,500,0,0,0,5,1,1,1,60700,12140,6070,42490,0,0,2,1,5,2,1,1,1,1,0,0
988,935,909,154,1000,0,53100,-43900,18,4,2,3,74360,13520,13520,47320,0,0,3,8,0,0,2,2,3,0,1,1
989,965,910,80,1000,0,64600,0,12,1,0,0,90400,9040,9040,72320,0,1,5,5,2,2,0,1,3,0,0,0
990,792,918,169,2000,0,0,-36800,9,3,0,3,46200,4200,8400,33600,0,1,2,1,0,0,1,2,4,1,0,0
991,750,938,76,500,5000000,39900,-44000,7,1,2,1,8030,1460,730,5840,2,0,0,8,1,3,1,1,4,0,0,0
992,839,946,234,500,0,0,-48800,4,1,2,2,51600,10320,5160,36120,1,1,0,10,3,2,1,0,4,0,1,0
993,859,949,130,2000,0,0,-40800,16,3,2,3,48950,8900,4450,35600,2,1,6,3,3,0,2,2,3,0,0,0
994,882,953,9,1000,0,0,0,12,1,0,0,85690,15580,15580,54530,0,0,2,6,1,2,1,2,4,0,0,0
995,936,960,204,1000,7000000,44000,-20800,6,1,1,0,53400,5340,5340,42720,1,1,2,10,2,2,0,1,4,0,0,0
996,767,970,253,500,0,52900,0,11,3,0,0,64570,5870,11740,46960,0,0,4,13,0,0,0,0,0,1,0,0
997,786,974,85,2000,0,50400,-61500,14,4,0,0,59070,10740,5370,42960,2,1,1,8,4,0,1,1,1,1,0,0
998,830,979,148,1000,5000000,55100,0,0,1,2,0,61050,5550,11100,44400,2,0,4,0,3,2,2,2,4,0,0,0
999,889,985,191,2000,0,0,0,19,3,2,0,56320,10240,5120,40960,0,0,5,2,1,0,2,0,0,0,0,0
